probe_time,target_date,securities_trader_id,configured_name,api_name,status,raw_rows,unique_warrants,buy_volume,sell_volume,net_volume,buy_amount,sell_amount,net_amount,snapshot_hash,error
2026-07-15T16:19:53+08:00,2026-07-14,961F,富邦公益,富邦公益,OK,109,92,1352000,991000,361000,672680.0,1334020.0,-661340.0,198b2b3b03487f2a1f7003b58476e97e6cd31ae83635961e22d826363d3888c9,
2026-07-15T16:19:53+08:00,2026-07-14,9663,富邦敦南,富邦敦南,OK,204,113,3566000,1308000,2258000,3752010.0,1378090.0,2373920.0,d123341137195dea865c5c751270b01aea69b1a72c5437b047e7370ff4a9709b,
2026-07-15T16:19:53+08:00,2026-07-14,9676,富邦仁愛,富邦仁愛,OK,299,167,6678000,1916000,4762000,10300380.0,3292150.0,7008230.0,861eee832ca868169433cda8c6b7c2976e91a9618601b55bed3e0ccb4f8a1149,
2026-07-15T16:19:53+08:00,2026-07-14,8560,新光,新光,OK,1036,654,22452000,17100000,5352000,20756430.0,23822980.0,-3066550.0,f78c272aacef66ab6f4f1c8f13e0b6ff98332bfd6b74f8df6ee61c0a9cc63e95,
2026-07-15T16:19:53+08:00,2026-07-14,9A9g,永豐金內湖,永豐內湖,OK,115,80,1008000,1556000,-548000,1056150.0,1415750.0,-359600.0,5e8f443ce157ff0b5da15c8b81ecbcdb314f66a7e2a381941f8bfaa771bcfd0c,
2026-07-15T16:19:53+08:00,2026-07-14,9A9P,永豐金竹北,永豐竹北,OK,225,126,5692000,2994000,2698000,5684230.0,3267750.0,2416480.0,91672276241cd89a0ed69add89784f6bbb94b03e35627c565ea55a4877669bb0,
2026-07-15T16:19:53+08:00,2026-07-14,9A9X,永豐金竹科,永豐竹科,OK,412,241,9303000,8758000,545000,12535580.0,18101830.0,-5566250.0,db4aef8f0f78f5fa08cac22da23abdf2d852b20cbefee623548d0a9fcb71fd21,
2026-07-15T16:19:53+08:00,2026-07-14,9A9W,永豐金市政,永豐市政,OK,540,356,6383000,5421000,962000,6201250.0,8027660.0,-1826410.0,987ce9535c345d70906966e214e83bfc31c6e5b5f07c06975c3a5f188ff72057,
2026-07-15T16:19:53+08:00,2026-07-14,9A9R,永豐金信義,永豐信義,OK,28,26,638000,1050000,-412000,591960.0,305490.0,286470.0,c1d5daf0e98d1e8d460459f62c1a2b8f04749fc00e2202a5b9c139ee80c26fca,
2026-07-15T16:19:53+08:00,2026-07-14,9302,華南永昌台中,華南台中,OK,204,128,9460000,6767000,2693000,11832160.0,18855570.0,-7023410.0,67e43f1747f5f76488ae66f7763fc5c56efc3360e7a95598bc7f3ce4334d65d6,
2026-07-15T16:19:53+08:00,2026-07-14,9316,華南永昌淡水,華南淡水,OK,74,48,484000,345000,139000,573650.0,471820.0,101830.0,0f2cd8eee949c0d4f2d1e16f3ff7c0dd3a7e0a2b5e25fcdbcc115d541a7d095b,
2026-07-15T16:19:53+08:00,2026-07-14,9343,華南永昌頭份,華南頭份,OK,36,22,887000,225000,662000,748850.0,241080.0,507770.0,f570f76068f24cb036ea8667ed1c4e4d8b842b555b18b7664e2a7e209f19fabd,
2026-07-15T16:19:53+08:00,2026-07-14,9337,華南永昌內壢,華南內壢,OK,78,45,790000,1186000,-396000,1139570.0,1754850.0,-615280.0,ba64d9b857fa3f7714aab8af897d76e61120370bf618f1ab75a6d926d6fe3ae7,
2026-07-15T16:19:53+08:00,2026-07-14,6480,福邦證券,福邦,OK,7,5,115000,356000,-241000,406070.0,73980.0,332090.0,462eef4d6f296a9ae51caad5ae53ff83b2f7e3e7e7726d8c146308b138097c80,
2026-07-15T16:19:53+08:00,2026-07-14,9135,群益東大,群益東大,OK,138,91,705000,715000,-10000,920010.0,952050.0,-32040.0,d11387e28276fcd9340b344ddc501fe59fc228054b97369bb8042f252f9adb5d,
2026-07-15T16:19:53+08:00,2026-07-14,918C,群益金鼎古亭,群益古亭,OK,52,38,1801000,554000,1247000,2158450.0,1090110.0,1068340.0,8f32759923b4748ccc1472594b816733feed0307eee3c684e4241c8451cf4905,
2026-07-15T16:19:53+08:00,2026-07-14,9186,群益金鼎新竹,群益新竹,OK,150,76,1223000,1227000,-4000,1088430.0,1853650.0,-765220.0,80115dc93f78e542c47712ebe171d0b64a92eabec2d1e526fd89ccdd1da6000d,
2026-07-15T16:19:53+08:00,2026-07-14,9867,元大內湖民權,元大民權,OK,172,107,4961000,5711000,-750000,4164280.0,5008200.0,-843920.0,32f635022e6e3a4b44fa6188e1628a68c267940f74ba5bd54d7d3ecbf6cdfc3e,
2026-07-15T16:19:53+08:00,2026-07-14,9853,元大南屯,元大南屯,OK,300,220,5117000,4720000,397000,11710830.0,5573240.0,6137590.0,e46a28aaa771224040e55256bd67bcd3e7bce452c8b49aebd3eb2fc82e8d89ba,
2026-07-15T16:19:53+08:00,2026-07-14,989Q,元大汐止,元大汐止,OK,222,142,15577000,2238000,13339000,11868900.0,2081930.0,9786970.0,5fe29578bdac30800017c3f714bdc5cff4b42f5d6f8de3ff3b734d092730436b,
2026-07-15T16:19:53+08:00,2026-07-14,980l,元大虎尾,元大虎尾,OK,144,111,1930000,10034000,-8104000,2612890.0,4467650.0,-1854760.0,92a9ca912b35a8485ad35b9a3a06b34314c2673e876c9688481dbd7c2e474134,
2026-07-15T16:19:53+08:00,2026-07-14,989f,元大東港,元大東港,OK,81,62,739000,320000,419000,1132620.0,446780.0,685840.0,1e991bbfdb1cdc6018321a63d3bffdaab30bca4ecb4caf0b539d886043fbdeff,
2026-07-15T16:19:53+08:00,2026-07-14,989a,元大苑裡,元大苑裡,OK,93,57,1483000,1486000,-3000,1311830.0,987380.0,324450.0,b504e381a3a7b2080b4d51b6ef9d2700e06cb60c4f34e79560932b74dc176d88,
2026-07-15T16:19:53+08:00,2026-07-14,989J,元大彰化民生,元大彰生,OK,210,135,4779000,8208000,-3429000,4774040.0,9390210.0,-4616170.0,6d03b72deaadc96f7041b9d3613e5a37c849543f4632d2c2d30432ede76da364,
2026-07-15T16:19:53+08:00,2026-07-14,700B,兆豐板橋,兆豐板橋,OK,58,38,2342000,1943000,399000,2577940.0,4603740.0,-2025800.0,4df8c21e353d79a4cc8a18d8e22f0d4280bc71176902ae99ec1670fa573150d6,
2026-07-15T16:19:53+08:00,2026-07-14,9238,凱基士林,凱基士林,OK,129,89,2597000,1013000,1584000,3278670.0,1645180.0,1633490.0,e4b5aadf56e6b68fe5835df294dda05c4d4977a506dff13b87c5d92f4d253fcc,
2026-07-15T16:19:53+08:00,2026-07-14,9237,凱基敦北,凱基敦北,OK,38,33,148000,90000,58000,187920.0,134700.0,53220.0,1b21a2b6272269f3cdb267d0e5691bf42f2ae14e59d5bc24e5762c0b17151bb6,
2026-07-15T16:19:53+08:00,2026-07-14,9229,凱基中山,凱基中山,OK,58,39,683000,1062000,-379000,1273060.0,1447510.0,-174450.0,8103931f184cb14831e389c5de998524acad8b79ac9dfb7331799941031d2f31,
2026-07-15T16:19:53+08:00,2026-07-14,920H,凱基基隆,凱基基隆,OK,61,42,1343000,656000,687000,1454040.0,509550.0,944490.0,edc697e5f2419ba30d6184aa7327b407209b345958da9674537059137313bf27,
2026-07-15T16:19:53+08:00,2026-07-14,9211,凱基台南,凱基台南,OK,219,143,1830000,2396000,-566000,2329460.0,2377970.0,-48510.0,874938246dd5fafeae53442fdb01ab4a4cd283626ba94e308ca4abbc6698d7e3,
2026-07-15T16:19:53+08:00,2026-07-14,779c,國票敦北法人,國票敦北,OK,51,35,382000,106000,276000,461100.0,99500.0,361600.0,0a1c62063ef8b97bdd83c58738686f891c5015cde8a31961f0d237908f739479,
2026-07-15T16:19:53+08:00,2026-07-14,585Q,統一三多,統一三多,OK,126,66,3515000,5269000,-1754000,4073060.0,3589520.0,483540.0,27dc1654363e344c0fa0450a3fe6cf2d22ba9508d2698d9f6d3933481a1a4391,
2026-07-15T16:19:53+08:00,2026-07-14,585Y,統一土城,統一土城,OK,56,49,376000,486000,-110000,512700.0,445250.0,67450.0,d357b02c9b1ab3f48bc4634298f2919c6b539b267ecce8bb79584826d14082ae,
2026-07-15T16:19:53+08:00,2026-07-14,5853,統一中壢,統一中壢,OK,58,40,2140000,619000,1521000,1316490.0,574090.0,742400.0,f534a48c476b973e9657f8e376032cbb72fbc75092522d9ddb52c48417810508,
2026-07-15T16:19:53+08:00,2026-07-14,538Y,第一金中壢,第一中壢,OK,158,113,1453000,2770000,-1317000,2118980.0,2640870.0,-521890.0,8bb6185c4a172831b02371c92974846d719b0c903c3999f600ab4abffbf90d5e,
2026-07-15T16:19:53+08:00,2026-07-14,6114,台中銀員林,中銀員林,OK,55,41,983000,177000,806000,988910.0,545050.0,443860.0,a2eee1bde2ef38a6e359aa761cd91d74b534a7d98e8d0fa1c3a827608a44b69d,
2026-07-15T16:19:53+08:00,2026-07-14,6381,光和溪湖,光和溪湖,OK,12,9,85000,315000,-230000,122060.0,118900.0,3160.0,41e61d0b1ff2cf67bcd457a4b061127cc1da24a58e177e444678bb0a153219f4,
2026-07-15T16:19:53+08:00,2026-07-14,111B,台灣企銀建成,台企銀建成,OK,1,1,0,25000,-25000,0.0,44750.0,-44750.0,1794fbf22ca91ba50fccd3647da7cd3f1f7b74caafaae4aa9a9e33ebd2361f36,
2026-07-15T16:29:52+08:00,2026-07-14,961F,富邦公益,富邦公益,OK,109,92,1352000,991000,361000,672680.0,1334020.0,-661340.0,198b2b3b03487f2a1f7003b58476e97e6cd31ae83635961e22d826363d3888c9,
2026-07-15T16:29:52+08:00,2026-07-14,9663,富邦敦南,富邦敦南,OK,204,113,3566000,1308000,2258000,3752010.0,1378090.0,2373920.0,d123341137195dea865c5c751270b01aea69b1a72c5437b047e7370ff4a9709b,
2026-07-15T16:29:52+08:00,2026-07-14,9676,富邦仁愛,富邦仁愛,OK,299,167,6678000,1916000,4762000,10300380.0,3292150.0,7008230.0,861eee832ca868169433cda8c6b7c2976e91a9618601b55bed3e0ccb4f8a1149,
2026-07-15T16:29:52+08:00,2026-07-14,8560,新光,新光,OK,1036,654,22452000,17100000,5352000,20756430.0,23822980.0,-3066550.0,f78c272aacef66ab6f4f1c8f13e0b6ff98332bfd6b74f8df6ee61c0a9cc63e95,
2026-07-15T16:29:52+08:00,2026-07-14,9A9g,永豐金內湖,永豐內湖,OK,115,80,1008000,1556000,-548000,1056150.0,1415750.0,-359600.0,5e8f443ce157ff0b5da15c8b81ecbcdb314f66a7e2a381941f8bfaa771bcfd0c,
2026-07-15T16:29:52+08:00,2026-07-14,9A9P,永豐金竹北,永豐竹北,OK,225,126,5692000,2994000,2698000,5684230.0,3267750.0,2416480.0,91672276241cd89a0ed69add89784f6bbb94b03e35627c565ea55a4877669bb0,
2026-07-15T16:29:52+08:00,2026-07-14,9A9X,永豐金竹科,永豐竹科,OK,412,241,9303000,8758000,545000,12535580.0,18101830.0,-5566250.0,db4aef8f0f78f5fa08cac22da23abdf2d852b20cbefee623548d0a9fcb71fd21,
2026-07-15T16:29:52+08:00,2026-07-14,9A9W,永豐金市政,永豐市政,OK,540,356,6383000,5421000,962000,6201250.0,8027660.0,-1826410.0,987ce9535c345d70906966e214e83bfc31c6e5b5f07c06975c3a5f188ff72057,
2026-07-15T16:29:52+08:00,2026-07-14,9A9R,永豐金信義,永豐信義,OK,28,26,638000,1050000,-412000,591960.0,305490.0,286470.0,c1d5daf0e98d1e8d460459f62c1a2b8f04749fc00e2202a5b9c139ee80c26fca,
2026-07-15T16:29:52+08:00,2026-07-14,9302,華南永昌台中,華南台中,OK,204,128,9460000,6767000,2693000,11832160.0,18855570.0,-7023410.0,67e43f1747f5f76488ae66f7763fc5c56efc3360e7a95598bc7f3ce4334d65d6,
2026-07-15T16:29:52+08:00,2026-07-14,9316,華南永昌淡水,華南淡水,OK,74,48,484000,345000,139000,573650.0,471820.0,101830.0,0f2cd8eee949c0d4f2d1e16f3ff7c0dd3a7e0a2b5e25fcdbcc115d541a7d095b,
2026-07-15T16:29:52+08:00,2026-07-14,9343,華南永昌頭份,華南頭份,OK,36,22,887000,225000,662000,748850.0,241080.0,507770.0,f570f76068f24cb036ea8667ed1c4e4d8b842b555b18b7664e2a7e209f19fabd,
2026-07-15T16:29:52+08:00,2026-07-14,9337,華南永昌內壢,華南內壢,OK,78,45,790000,1186000,-396000,1139570.0,1754850.0,-615280.0,ba64d9b857fa3f7714aab8af897d76e61120370bf618f1ab75a6d926d6fe3ae7,
2026-07-15T16:29:52+08:00,2026-07-14,6480,福邦證券,福邦,OK,7,5,115000,356000,-241000,406070.0,73980.0,332090.0,462eef4d6f296a9ae51caad5ae53ff83b2f7e3e7e7726d8c146308b138097c80,
2026-07-15T16:29:52+08:00,2026-07-14,9135,群益東大,群益東大,OK,138,91,705000,715000,-10000,920010.0,952050.0,-32040.0,d11387e28276fcd9340b344ddc501fe59fc228054b97369bb8042f252f9adb5d,
2026-07-15T16:29:52+08:00,2026-07-14,918C,群益金鼎古亭,群益古亭,OK,52,38,1801000,554000,1247000,2158450.0,1090110.0,1068340.0,8f32759923b4748ccc1472594b816733feed0307eee3c684e4241c8451cf4905,
2026-07-15T16:29:52+08:00,2026-07-14,9186,群益金鼎新竹,群益新竹,OK,150,76,1223000,1227000,-4000,1088430.0,1853650.0,-765220.0,80115dc93f78e542c47712ebe171d0b64a92eabec2d1e526fd89ccdd1da6000d,
2026-07-15T16:29:52+08:00,2026-07-14,9867,元大內湖民權,元大民權,OK,172,107,4961000,5711000,-750000,4164280.0,5008200.0,-843920.0,32f635022e6e3a4b44fa6188e1628a68c267940f74ba5bd54d7d3ecbf6cdfc3e,
2026-07-15T16:29:52+08:00,2026-07-14,9853,元大南屯,元大南屯,OK,300,220,5117000,4720000,397000,11710830.0,5573240.0,6137590.0,e46a28aaa771224040e55256bd67bcd3e7bce452c8b49aebd3eb2fc82e8d89ba,
2026-07-15T16:29:52+08:00,2026-07-14,989Q,元大汐止,元大汐止,OK,222,142,15577000,2238000,13339000,11868900.0,2081930.0,9786970.0,5fe29578bdac30800017c3f714bdc5cff4b42f5d6f8de3ff3b734d092730436b,
2026-07-15T16:29:52+08:00,2026-07-14,980l,元大虎尾,元大虎尾,OK,144,111,1930000,10034000,-8104000,2612890.0,4467650.0,-1854760.0,92a9ca912b35a8485ad35b9a3a06b34314c2673e876c9688481dbd7c2e474134,
2026-07-15T16:29:52+08:00,2026-07-14,989f,元大東港,元大東港,OK,81,62,739000,320000,419000,1132620.0,446780.0,685840.0,1e991bbfdb1cdc6018321a63d3bffdaab30bca4ecb4caf0b539d886043fbdeff,
2026-07-15T16:29:52+08:00,2026-07-14,989a,元大苑裡,元大苑裡,OK,93,57,1483000,1486000,-3000,1311830.0,987380.0,324450.0,b504e381a3a7b2080b4d51b6ef9d2700e06cb60c4f34e79560932b74dc176d88,
2026-07-15T16:29:52+08:00,2026-07-14,989J,元大彰化民生,元大彰生,OK,210,135,4779000,8208000,-3429000,4774040.0,9390210.0,-4616170.0,6d03b72deaadc96f7041b9d3613e5a37c849543f4632d2c2d30432ede76da364,
2026-07-15T16:29:52+08:00,2026-07-14,700B,兆豐板橋,兆豐板橋,OK,58,38,2342000,1943000,399000,2577940.0,4603740.0,-2025800.0,4df8c21e353d79a4cc8a18d8e22f0d4280bc71176902ae99ec1670fa573150d6,
2026-07-15T16:29:52+08:00,2026-07-14,9238,凱基士林,凱基士林,OK,129,89,2597000,1013000,1584000,3278670.0,1645180.0,1633490.0,e4b5aadf56e6b68fe5835df294dda05c4d4977a506dff13b87c5d92f4d253fcc,
2026-07-15T16:29:52+08:00,2026-07-14,9237,凱基敦北,凱基敦北,OK,38,33,148000,90000,58000,187920.0,134700.0,53220.0,1b21a2b6272269f3cdb267d0e5691bf42f2ae14e59d5bc24e5762c0b17151bb6,
2026-07-15T16:29:52+08:00,2026-07-14,9229,凱基中山,凱基中山,OK,58,39,683000,1062000,-379000,1273060.0,1447510.0,-174450.0,8103931f184cb14831e389c5de998524acad8b79ac9dfb7331799941031d2f31,
2026-07-15T16:29:52+08:00,2026-07-14,920H,凱基基隆,凱基基隆,OK,61,42,1343000,656000,687000,1454040.0,509550.0,944490.0,edc697e5f2419ba30d6184aa7327b407209b345958da9674537059137313bf27,
2026-07-15T16:29:52+08:00,2026-07-14,9211,凱基台南,凱基台南,OK,219,143,1830000,2396000,-566000,2329460.0,2377970.0,-48510.0,874938246dd5fafeae53442fdb01ab4a4cd283626ba94e308ca4abbc6698d7e3,
2026-07-15T16:29:52+08:00,2026-07-14,779c,國票敦北法人,國票敦北,OK,51,35,382000,106000,276000,461100.0,99500.0,361600.0,0a1c62063ef8b97bdd83c58738686f891c5015cde8a31961f0d237908f739479,
2026-07-15T16:29:52+08:00,2026-07-14,585Q,統一三多,統一三多,OK,126,66,3515000,5269000,-1754000,4073060.0,3589520.0,483540.0,27dc1654363e344c0fa0450a3fe6cf2d22ba9508d2698d9f6d3933481a1a4391,
2026-07-15T16:29:52+08:00,2026-07-14,585Y,統一土城,統一土城,OK,56,49,376000,486000,-110000,512700.0,445250.0,67450.0,d357b02c9b1ab3f48bc4634298f2919c6b539b267ecce8bb79584826d14082ae,
2026-07-15T16:29:52+08:00,2026-07-14,5853,統一中壢,統一中壢,OK,58,40,2140000,619000,1521000,1316490.0,574090.0,742400.0,f534a48c476b973e9657f8e376032cbb72fbc75092522d9ddb52c48417810508,
2026-07-15T16:29:52+08:00,2026-07-14,538Y,第一金中壢,第一中壢,OK,158,113,1453000,2770000,-1317000,2118980.0,2640870.0,-521890.0,8bb6185c4a172831b02371c92974846d719b0c903c3999f600ab4abffbf90d5e,
2026-07-15T16:29:52+08:00,2026-07-14,6114,台中銀員林,中銀員林,OK,55,41,983000,177000,806000,988910.0,545050.0,443860.0,a2eee1bde2ef38a6e359aa761cd91d74b534a7d98e8d0fa1c3a827608a44b69d,
2026-07-15T16:29:52+08:00,2026-07-14,6381,光和溪湖,光和溪湖,OK,12,9,85000,315000,-230000,122060.0,118900.0,3160.0,41e61d0b1ff2cf67bcd457a4b061127cc1da24a58e177e444678bb0a153219f4,
2026-07-15T16:29:52+08:00,2026-07-14,111B,台灣企銀建成,台企銀建成,OK,1,1,0,25000,-25000,0.0,44750.0,-44750.0,1794fbf22ca91ba50fccd3647da7cd3f1f7b74caafaae4aa9a9e33ebd2361f36,
2026-07-15T16:39:52+08:00,2026-07-14,961F,富邦公益,富邦公益,OK,109,92,1352000,991000,361000,672680.0,1334020.0,-661340.0,198b2b3b03487f2a1f7003b58476e97e6cd31ae83635961e22d826363d3888c9,
2026-07-15T16:39:52+08:00,2026-07-14,9663,富邦敦南,富邦敦南,OK,204,113,3566000,1308000,2258000,3752010.0,1378090.0,2373920.0,d123341137195dea865c5c751270b01aea69b1a72c5437b047e7370ff4a9709b,
2026-07-15T16:39:52+08:00,2026-07-14,9676,富邦仁愛,富邦仁愛,OK,299,167,6678000,1916000,4762000,10300380.0,3292150.0,7008230.0,861eee832ca868169433cda8c6b7c2976e91a9618601b55bed3e0ccb4f8a1149,
2026-07-15T16:39:52+08:00,2026-07-14,8560,新光,新光,OK,1036,654,22452000,17100000,5352000,20756430.0,23822980.0,-3066550.0,f78c272aacef66ab6f4f1c8f13e0b6ff98332bfd6b74f8df6ee61c0a9cc63e95,
2026-07-15T16:39:52+08:00,2026-07-14,9A9g,永豐金內湖,永豐內湖,OK,115,80,1008000,1556000,-548000,1056150.0,1415750.0,-359600.0,5e8f443ce157ff0b5da15c8b81ecbcdb314f66a7e2a381941f8bfaa771bcfd0c,
2026-07-15T16:39:52+08:00,2026-07-14,9A9P,永豐金竹北,永豐竹北,OK,225,126,5692000,2994000,2698000,5684230.0,3267750.0,2416480.0,91672276241cd89a0ed69add89784f6bbb94b03e35627c565ea55a4877669bb0,
2026-07-15T16:39:52+08:00,2026-07-14,9A9X,永豐金竹科,永豐竹科,OK,412,241,9303000,8758000,545000,12535580.0,18101830.0,-5566250.0,db4aef8f0f78f5fa08cac22da23abdf2d852b20cbefee623548d0a9fcb71fd21,
2026-07-15T16:39:52+08:00,2026-07-14,9A9W,永豐金市政,永豐市政,OK,540,356,6383000,5421000,962000,6201250.0,8027660.0,-1826410.0,987ce9535c345d70906966e214e83bfc31c6e5b5f07c06975c3a5f188ff72057,
2026-07-15T16:39:52+08:00,2026-07-14,9A9R,永豐金信義,永豐信義,OK,28,26,638000,1050000,-412000,591960.0,305490.0,286470.0,c1d5daf0e98d1e8d460459f62c1a2b8f04749fc00e2202a5b9c139ee80c26fca,
2026-07-15T16:39:52+08:00,2026-07-14,9302,華南永昌台中,華南台中,OK,204,128,9460000,6767000,2693000,11832160.0,18855570.0,-7023410.0,67e43f1747f5f76488ae66f7763fc5c56efc3360e7a95598bc7f3ce4334d65d6,
2026-07-15T16:39:52+08:00,2026-07-14,9316,華南永昌淡水,華南淡水,OK,74,48,484000,345000,139000,573650.0,471820.0,101830.0,0f2cd8eee949c0d4f2d1e16f3ff7c0dd3a7e0a2b5e25fcdbcc115d541a7d095b,
2026-07-15T16:39:52+08:00,2026-07-14,9343,華南永昌頭份,華南頭份,OK,36,22,887000,225000,662000,748850.0,241080.0,507770.0,f570f76068f24cb036ea8667ed1c4e4d8b842b555b18b7664e2a7e209f19fabd,
2026-07-15T16:39:52+08:00,2026-07-14,9337,華南永昌內壢,華南內壢,OK,78,45,790000,1186000,-396000,1139570.0,1754850.0,-615280.0,ba64d9b857fa3f7714aab8af897d76e61120370bf618f1ab75a6d926d6fe3ae7,
2026-07-15T16:39:52+08:00,2026-07-14,6480,福邦證券,福邦,OK,7,5,115000,356000,-241000,406070.0,73980.0,332090.0,462eef4d6f296a9ae51caad5ae53ff83b2f7e3e7e7726d8c146308b138097c80,
2026-07-15T16:39:52+08:00,2026-07-14,9135,群益東大,群益東大,OK,138,91,705000,715000,-10000,920010.0,952050.0,-32040.0,d11387e28276fcd9340b344ddc501fe59fc228054b97369bb8042f252f9adb5d,
2026-07-15T16:39:52+08:00,2026-07-14,918C,群益金鼎古亭,群益古亭,OK,52,38,1801000,554000,1247000,2158450.0,1090110.0,1068340.0,8f32759923b4748ccc1472594b816733feed0307eee3c684e4241c8451cf4905,
2026-07-15T16:39:52+08:00,2026-07-14,9186,群益金鼎新竹,群益新竹,OK,150,76,1223000,1227000,-4000,1088430.0,1853650.0,-765220.0,80115dc93f78e542c47712ebe171d0b64a92eabec2d1e526fd89ccdd1da6000d,
2026-07-15T16:39:52+08:00,2026-07-14,9867,元大內湖民權,元大民權,OK,172,107,4961000,5711000,-750000,4164280.0,5008200.0,-843920.0,32f635022e6e3a4b44fa6188e1628a68c267940f74ba5bd54d7d3ecbf6cdfc3e,
2026-07-15T16:39:52+08:00,2026-07-14,9853,元大南屯,元大南屯,OK,300,220,5117000,4720000,397000,11710830.0,5573240.0,6137590.0,e46a28aaa771224040e55256bd67bcd3e7bce452c8b49aebd3eb2fc82e8d89ba,
2026-07-15T16:39:52+08:00,2026-07-14,989Q,元大汐止,元大汐止,OK,222,142,15577000,2238000,13339000,11868900.0,2081930.0,9786970.0,5fe29578bdac30800017c3f714bdc5cff4b42f5d6f8de3ff3b734d092730436b,
2026-07-15T16:39:52+08:00,2026-07-14,980l,元大虎尾,元大虎尾,OK,144,111,1930000,10034000,-8104000,2612890.0,4467650.0,-1854760.0,92a9ca912b35a8485ad35b9a3a06b34314c2673e876c9688481dbd7c2e474134,
2026-07-15T16:39:52+08:00,2026-07-14,989f,元大東港,元大東港,OK,81,62,739000,320000,419000,1132620.0,446780.0,685840.0,1e991bbfdb1cdc6018321a63d3bffdaab30bca4ecb4caf0b539d886043fbdeff,
2026-07-15T16:39:52+08:00,2026-07-14,989a,元大苑裡,元大苑裡,OK,93,57,1483000,1486000,-3000,1311830.0,987380.0,324450.0,b504e381a3a7b2080b4d51b6ef9d2700e06cb60c4f34e79560932b74dc176d88,
2026-07-15T16:39:52+08:00,2026-07-14,989J,元大彰化民生,元大彰生,OK,210,135,4779000,8208000,-3429000,4774040.0,9390210.0,-4616170.0,6d03b72deaadc96f7041b9d3613e5a37c849543f4632d2c2d30432ede76da364,
2026-07-15T16:39:52+08:00,2026-07-14,700B,兆豐板橋,兆豐板橋,OK,58,38,2342000,1943000,399000,2577940.0,4603740.0,-2025800.0,4df8c21e353d79a4cc8a18d8e22f0d4280bc71176902ae99ec1670fa573150d6,
2026-07-15T16:39:52+08:00,2026-07-14,9238,凱基士林,凱基士林,OK,129,89,2597000,1013000,1584000,3278670.0,1645180.0,1633490.0,e4b5aadf56e6b68fe5835df294dda05c4d4977a506dff13b87c5d92f4d253fcc,
2026-07-15T16:39:52+08:00,2026-07-14,9237,凱基敦北,凱基敦北,OK,38,33,148000,90000,58000,187920.0,134700.0,53220.0,1b21a2b6272269f3cdb267d0e5691bf42f2ae14e59d5bc24e5762c0b17151bb6,
2026-07-15T16:39:52+08:00,2026-07-14,9229,凱基中山,凱基中山,OK,58,39,683000,1062000,-379000,1273060.0,1447510.0,-174450.0,8103931f184cb14831e389c5de998524acad8b79ac9dfb7331799941031d2f31,
2026-07-15T16:39:52+08:00,2026-07-14,920H,凱基基隆,凱基基隆,OK,61,42,1343000,656000,687000,1454040.0,509550.0,944490.0,edc697e5f2419ba30d6184aa7327b407209b345958da9674537059137313bf27,
2026-07-15T16:39:52+08:00,2026-07-14,9211,凱基台南,凱基台南,OK,219,143,1830000,2396000,-566000,2329460.0,2377970.0,-48510.0,874938246dd5fafeae53442fdb01ab4a4cd283626ba94e308ca4abbc6698d7e3,
2026-07-15T16:39:52+08:00,2026-07-14,779c,國票敦北法人,國票敦北,OK,51,35,382000,106000,276000,461100.0,99500.0,361600.0,0a1c62063ef8b97bdd83c58738686f891c5015cde8a31961f0d237908f739479,
2026-07-15T16:39:52+08:00,2026-07-14,585Q,統一三多,統一三多,OK,126,66,3515000,5269000,-1754000,4073060.0,3589520.0,483540.0,27dc1654363e344c0fa0450a3fe6cf2d22ba9508d2698d9f6d3933481a1a4391,
2026-07-15T16:39:52+08:00,2026-07-14,585Y,統一土城,統一土城,OK,56,49,376000,486000,-110000,512700.0,445250.0,67450.0,d357b02c9b1ab3f48bc4634298f2919c6b539b267ecce8bb79584826d14082ae,
2026-07-15T16:39:52+08:00,2026-07-14,5853,統一中壢,統一中壢,OK,58,40,2140000,619000,1521000,1316490.0,574090.0,742400.0,f534a48c476b973e9657f8e376032cbb72fbc75092522d9ddb52c48417810508,
2026-07-15T16:39:52+08:00,2026-07-14,538Y,第一金中壢,第一中壢,OK,158,113,1453000,2770000,-1317000,2118980.0,2640870.0,-521890.0,8bb6185c4a172831b02371c92974846d719b0c903c3999f600ab4abffbf90d5e,
2026-07-15T16:39:52+08:00,2026-07-14,6114,台中銀員林,中銀員林,OK,55,41,983000,177000,806000,988910.0,545050.0,443860.0,a2eee1bde2ef38a6e359aa761cd91d74b534a7d98e8d0fa1c3a827608a44b69d,
2026-07-15T16:39:52+08:00,2026-07-14,6381,光和溪湖,光和溪湖,OK,12,9,85000,315000,-230000,122060.0,118900.0,3160.0,41e61d0b1ff2cf67bcd457a4b061127cc1da24a58e177e444678bb0a153219f4,
2026-07-15T16:39:52+08:00,2026-07-14,111B,台灣企銀建成,台企銀建成,OK,1,1,0,25000,-25000,0.0,44750.0,-44750.0,1794fbf22ca91ba50fccd3647da7cd3f1f7b74caafaae4aa9a9e33ebd2361f36,
2026-07-15T17:04:01+08:00,2026-07-15,961F,富邦公益,富邦-公益,NO_DATA,0,0,0,0,0,0.0,0.0,0.0,,
2026-07-15T17:04:01+08:00,2026-07-15,9663,富邦敦南,富邦-敦南,NO_DATA,0,0,0,0,0,0.0,0.0,0.0,,
2026-07-15T17:04:01+08:00,2026-07-15,9676,富邦仁愛,富邦-仁愛,NO_DATA,0,0,0,0,0,0.0,0.0,0.0,,
2026-07-15T17:04:01+08:00,2026-07-15,8560,新光,新光,NO_DATA,0,0,0,0,0,0.0,0.0,0.0,,
2026-07-15T17:04:01+08:00,2026-07-15,9A9g,永豐金內湖,永豐金-內湖,NO_DATA,0,0,0,0,0,0.0,0.0,0.0,,
2026-07-15T17:04:01+08:00,2026-07-15,9A9P,永豐金竹北,永豐金-竹北,NO_DATA,0,0,0,0,0,0.0,0.0,0.0,,
2026-07-15T17:04:01+08:00,2026-07-15,9A9X,永豐金竹科,永豐金-竹科,NO_DATA,0,0,0,0,0,0.0,0.0,0.0,,
2026-07-15T17:04:01+08:00,2026-07-15,9A9W,永豐金市政,永豐金-市政,NO_DATA,0,0,0,0,0,0.0,0.0,0.0,,
2026-07-15T17:04:01+08:00,2026-07-15,9A9R,永豐金信義,永豐金-信義,NO_DATA,0,0,0,0,0,0.0,0.0,0.0,,
2026-07-15T17:04:01+08:00,2026-07-15,9302,華南永昌台中,華南永昌-台中,NO_DATA,0,0,0,0,0,0.0,0.0,0.0,,
2026-07-15T17:04:01+08:00,2026-07-15,9316,華南永昌淡水,華南永昌-淡水,NO_DATA,0,0,0,0,0,0.0,0.0,0.0,,
2026-07-15T17:04:01+08:00,2026-07-15,9343,華南永昌頭份,華南永昌-頭份,NO_DATA,0,0,0,0,0,0.0,0.0,0.0,,
2026-07-15T17:04:01+08:00,2026-07-15,9337,華南永昌內壢,華南永昌-內壢,NO_DATA,0,0,0,0,0,0.0,0.0,0.0,,
2026-07-15T17:04:01+08:00,2026-07-15,6480,福邦證券,福邦,NO_DATA,0,0,0,0,0,0.0,0.0,0.0,,
2026-07-15T17:04:01+08:00,2026-07-15,9135,群益東大,群益金鼎-東大,NO_DATA,0,0,0,0,0,0.0,0.0,0.0,,
2026-07-15T17:04:01+08:00,2026-07-15,918C,群益金鼎古亭,群益金鼎-古亭,NO_DATA,0,0,0,0,0,0.0,0.0,0.0,,
2026-07-15T17:04:01+08:00,2026-07-15,9186,群益金鼎新竹,群益金鼎-新竹,NO_DATA,0,0,0,0,0,0.0,0.0,0.0,,
2026-07-15T17:04:01+08:00,2026-07-15,9867,元大內湖民權,元大-內湖民權,NO_DATA,0,0,0,0,0,0.0,0.0,0.0,,
2026-07-15T17:04:01+08:00,2026-07-15,9853,元大南屯,元大-南屯,NO_DATA,0,0,0,0,0,0.0,0.0,0.0,,
2026-07-15T17:04:01+08:00,2026-07-15,989Q,元大汐止,元大-汐止,NO_DATA,0,0,0,0,0,0.0,0.0,0.0,,
2026-07-15T17:04:01+08:00,2026-07-15,980l,元大虎尾,元大-虎尾,NO_DATA,0,0,0,0,0,0.0,0.0,0.0,,
2026-07-15T17:04:01+08:00,2026-07-15,989f,元大東港,元大-東港,NO_DATA,0,0,0,0,0,0.0,0.0,0.0,,
2026-07-15T17:04:01+08:00,2026-07-15,989a,元大苑裡,元大-苑裡,NO_DATA,0,0,0,0,0,0.0,0.0,0.0,,
2026-07-15T17:04:01+08:00,2026-07-15,989J,元大彰化民生,元大-彰化民生,NO_DATA,0,0,0,0,0,0.0,0.0,0.0,,
2026-07-15T17:04:01+08:00,2026-07-15,700B,兆豐板橋,兆豐-板橋,NO_DATA,0,0,0,0,0,0.0,0.0,0.0,,
2026-07-15T17:04:01+08:00,2026-07-15,9238,凱基士林,凱基-士林,NO_DATA,0,0,0,0,0,0.0,0.0,0.0,,
2026-07-15T17:04:01+08:00,2026-07-15,9237,凱基敦北,凱基-敦北,NO_DATA,0,0,0,0,0,0.0,0.0,0.0,,
2026-07-15T17:04:01+08:00,2026-07-15,9229,凱基中山,凱基-中山,NO_DATA,0,0,0,0,0,0.0,0.0,0.0,,
2026-07-15T17:04:01+08:00,2026-07-15,920H,凱基基隆,凱基-基隆,NO_DATA,0,0,0,0,0,0.0,0.0,0.0,,
2026-07-15T17:04:01+08:00,2026-07-15,9211,凱基台南,凱基-台南,NO_DATA,0,0,0,0,0,0.0,0.0,0.0,,
2026-07-15T17:04:01+08:00,2026-07-15,779c,國票敦北法人,國票-敦北法人,NO_DATA,0,0,0,0,0,0.0,0.0,0.0,,
2026-07-15T17:04:01+08:00,2026-07-15,585Q,統一三多,統一-三多,NO_DATA,0,0,0,0,0,0.0,0.0,0.0,,
2026-07-15T17:04:01+08:00,2026-07-15,585Y,統一土城,統一-土城,NO_DATA,0,0,0,0,0,0.0,0.0,0.0,,
2026-07-15T17:04:01+08:00,2026-07-15,5853,統一中壢,統一-中壢,NO_DATA,0,0,0,0,0,0.0,0.0,0.0,,
2026-07-15T17:04:01+08:00,2026-07-15,538Y,第一金中壢,第一金-中壢,NO_DATA,0,0,0,0,0,0.0,0.0,0.0,,
2026-07-15T17:04:01+08:00,2026-07-15,6114,台中銀員林,台中銀-員林,NO_DATA,0,0,0,0,0,0.0,0.0,0.0,,
2026-07-15T17:04:01+08:00,2026-07-15,6381,光和溪湖,光和-溪湖,NO_DATA,0,0,0,0,0,0.0,0.0,0.0,,
2026-07-15T17:04:01+08:00,2026-07-15,111B,台灣企銀建成,台灣企銀-建成,NO_DATA,0,0,0,0,0,0.0,0.0,0.0,,
2026-07-15T17:14:00+08:00,2026-07-15,961F,富邦公益,富邦-公益,NO_DATA,0,0,0,0,0,0.0,0.0,0.0,,
2026-07-15T17:14:00+08:00,2026-07-15,9663,富邦敦南,富邦-敦南,NO_DATA,0,0,0,0,0,0.0,0.0,0.0,,
2026-07-15T17:14:00+08:00,2026-07-15,9676,富邦仁愛,富邦-仁愛,NO_DATA,0,0,0,0,0,0.0,0.0,0.0,,
2026-07-15T17:14:00+08:00,2026-07-15,8560,新光,新光,NO_DATA,0,0,0,0,0,0.0,0.0,0.0,,
2026-07-15T17:14:00+08:00,2026-07-15,9A9g,永豐金內湖,永豐金-內湖,NO_DATA,0,0,0,0,0,0.0,0.0,0.0,,
2026-07-15T17:14:00+08:00,2026-07-15,9A9P,永豐金竹北,永豐金-竹北,NO_DATA,0,0,0,0,0,0.0,0.0,0.0,,
2026-07-15T17:14:00+08:00,2026-07-15,9A9X,永豐金竹科,永豐金-竹科,NO_DATA,0,0,0,0,0,0.0,0.0,0.0,,
2026-07-15T17:14:00+08:00,2026-07-15,9A9W,永豐金市政,永豐金-市政,NO_DATA,0,0,0,0,0,0.0,0.0,0.0,,
2026-07-15T17:14:00+08:00,2026-07-15,9A9R,永豐金信義,永豐金-信義,NO_DATA,0,0,0,0,0,0.0,0.0,0.0,,
2026-07-15T17:14:00+08:00,2026-07-15,9302,華南永昌台中,華南永昌-台中,NO_DATA,0,0,0,0,0,0.0,0.0,0.0,,
2026-07-15T17:14:00+08:00,2026-07-15,9316,華南永昌淡水,華南永昌-淡水,NO_DATA,0,0,0,0,0,0.0,0.0,0.0,,
2026-07-15T17:14:00+08:00,2026-07-15,9343,華南永昌頭份,華南永昌-頭份,NO_DATA,0,0,0,0,0,0.0,0.0,0.0,,
2026-07-15T17:14:00+08:00,2026-07-15,9337,華南永昌內壢,華南永昌-內壢,NO_DATA,0,0,0,0,0,0.0,0.0,0.0,,
2026-07-15T17:14:00+08:00,2026-07-15,6480,福邦證券,福邦,NO_DATA,0,0,0,0,0,0.0,0.0,0.0,,
2026-07-15T17:14:00+08:00,2026-07-15,9135,群益東大,群益金鼎-東大,NO_DATA,0,0,0,0,0,0.0,0.0,0.0,,
2026-07-15T17:14:00+08:00,2026-07-15,918C,群益金鼎古亭,群益金鼎-古亭,NO_DATA,0,0,0,0,0,0.0,0.0,0.0,,
2026-07-15T17:14:00+08:00,2026-07-15,9186,群益金鼎新竹,群益金鼎-新竹,NO_DATA,0,0,0,0,0,0.0,0.0,0.0,,
2026-07-15T17:14:00+08:00,2026-07-15,9867,元大內湖民權,元大-內湖民權,NO_DATA,0,0,0,0,0,0.0,0.0,0.0,,
2026-07-15T17:14:00+08:00,2026-07-15,9853,元大南屯,元大-南屯,NO_DATA,0,0,0,0,0,0.0,0.0,0.0,,
2026-07-15T17:14:00+08:00,2026-07-15,989Q,元大汐止,元大-汐止,NO_DATA,0,0,0,0,0,0.0,0.0,0.0,,
2026-07-15T17:14:00+08:00,2026-07-15,980l,元大虎尾,元大-虎尾,NO_DATA,0,0,0,0,0,0.0,0.0,0.0,,
2026-07-15T17:14:00+08:00,2026-07-15,989f,元大東港,元大-東港,NO_DATA,0,0,0,0,0,0.0,0.0,0.0,,
2026-07-15T17:14:00+08:00,2026-07-15,989a,元大苑裡,元大-苑裡,NO_DATA,0,0,0,0,0,0.0,0.0,0.0,,
2026-07-15T17:14:00+08:00,2026-07-15,989J,元大彰化民生,元大-彰化民生,NO_DATA,0,0,0,0,0,0.0,0.0,0.0,,
2026-07-15T17:14:00+08:00,2026-07-15,700B,兆豐板橋,兆豐-板橋,NO_DATA,0,0,0,0,0,0.0,0.0,0.0,,
2026-07-15T17:14:00+08:00,2026-07-15,9238,凱基士林,凱基-士林,NO_DATA,0,0,0,0,0,0.0,0.0,0.0,,
2026-07-15T17:14:00+08:00,2026-07-15,9237,凱基敦北,凱基-敦北,NO_DATA,0,0,0,0,0,0.0,0.0,0.0,,
2026-07-15T17:14:00+08:00,2026-07-15,9229,凱基中山,凱基-中山,NO_DATA,0,0,0,0,0,0.0,0.0,0.0,,
2026-07-15T17:14:00+08:00,2026-07-15,920H,凱基基隆,凱基-基隆,NO_DATA,0,0,0,0,0,0.0,0.0,0.0,,
2026-07-15T17:14:00+08:00,2026-07-15,9211,凱基台南,凱基-台南,NO_DATA,0,0,0,0,0,0.0,0.0,0.0,,
2026-07-15T17:14:00+08:00,2026-07-15,779c,國票敦北法人,國票-敦北法人,NO_DATA,0,0,0,0,0,0.0,0.0,0.0,,
2026-07-15T17:14:00+08:00,2026-07-15,585Q,統一三多,統一-三多,NO_DATA,0,0,0,0,0,0.0,0.0,0.0,,
2026-07-15T17:14:00+08:00,2026-07-15,585Y,統一土城,統一-土城,NO_DATA,0,0,0,0,0,0.0,0.0,0.0,,
2026-07-15T17:14:00+08:00,2026-07-15,5853,統一中壢,統一-中壢,NO_DATA,0,0,0,0,0,0.0,0.0,0.0,,
2026-07-15T17:14:00+08:00,2026-07-15,538Y,第一金中壢,第一金-中壢,NO_DATA,0,0,0,0,0,0.0,0.0,0.0,,
2026-07-15T17:14:00+08:00,2026-07-15,6114,台中銀員林,台中銀-員林,NO_DATA,0,0,0,0,0,0.0,0.0,0.0,,
2026-07-15T17:14:00+08:00,2026-07-15,6381,光和溪湖,光和-溪湖,NO_DATA,0,0,0,0,0,0.0,0.0,0.0,,
2026-07-15T17:14:00+08:00,2026-07-15,111B,台灣企銀建成,台灣企銀-建成,NO_DATA,0,0,0,0,0,0.0,0.0,0.0,,
2026-07-15T17:24:00+08:00,2026-07-15,961F,富邦公益,富邦-公益,NO_DATA,0,0,0,0,0,0.0,0.0,0.0,,
2026-07-15T17:24:00+08:00,2026-07-15,9663,富邦敦南,富邦-敦南,NO_DATA,0,0,0,0,0,0.0,0.0,0.0,,
2026-07-15T17:24:00+08:00,2026-07-15,9676,富邦仁愛,富邦-仁愛,NO_DATA,0,0,0,0,0,0.0,0.0,0.0,,
2026-07-15T17:24:00+08:00,2026-07-15,8560,新光,新光,NO_DATA,0,0,0,0,0,0.0,0.0,0.0,,
2026-07-15T17:24:00+08:00,2026-07-15,9A9g,永豐金內湖,永豐金-內湖,NO_DATA,0,0,0,0,0,0.0,0.0,0.0,,
2026-07-15T17:24:00+08:00,2026-07-15,9A9P,永豐金竹北,永豐金-竹北,NO_DATA,0,0,0,0,0,0.0,0.0,0.0,,
2026-07-15T17:24:00+08:00,2026-07-15,9A9X,永豐金竹科,永豐金-竹科,NO_DATA,0,0,0,0,0,0.0,0.0,0.0,,
2026-07-15T17:24:00+08:00,2026-07-15,9A9W,永豐金市政,永豐金-市政,NO_DATA,0,0,0,0,0,0.0,0.0,0.0,,
2026-07-15T17:24:00+08:00,2026-07-15,9A9R,永豐金信義,永豐金-信義,NO_DATA,0,0,0,0,0,0.0,0.0,0.0,,
2026-07-15T17:24:00+08:00,2026-07-15,9302,華南永昌台中,華南永昌-台中,NO_DATA,0,0,0,0,0,0.0,0.0,0.0,,
2026-07-15T17:24:00+08:00,2026-07-15,9316,華南永昌淡水,華南永昌-淡水,NO_DATA,0,0,0,0,0,0.0,0.0,0.0,,
2026-07-15T17:24:00+08:00,2026-07-15,9343,華南永昌頭份,華南永昌-頭份,NO_DATA,0,0,0,0,0,0.0,0.0,0.0,,
2026-07-15T17:24:00+08:00,2026-07-15,9337,華南永昌內壢,華南永昌-內壢,NO_DATA,0,0,0,0,0,0.0,0.0,0.0,,
2026-07-15T17:24:00+08:00,2026-07-15,6480,福邦證券,福邦,NO_DATA,0,0,0,0,0,0.0,0.0,0.0,,
2026-07-15T17:24:00+08:00,2026-07-15,9135,群益東大,群益金鼎-東大,NO_DATA,0,0,0,0,0,0.0,0.0,0.0,,
2026-07-15T17:24:00+08:00,2026-07-15,918C,群益金鼎古亭,群益金鼎-古亭,NO_DATA,0,0,0,0,0,0.0,0.0,0.0,,
2026-07-15T17:24:00+08:00,2026-07-15,9186,群益金鼎新竹,群益金鼎-新竹,NO_DATA,0,0,0,0,0,0.0,0.0,0.0,,
2026-07-15T17:24:00+08:00,2026-07-15,9867,元大內湖民權,元大-內湖民權,NO_DATA,0,0,0,0,0,0.0,0.0,0.0,,
2026-07-15T17:24:00+08:00,2026-07-15,9853,元大南屯,元大-南屯,NO_DATA,0,0,0,0,0,0.0,0.0,0.0,,
2026-07-15T17:24:00+08:00,2026-07-15,989Q,元大汐止,元大-汐止,NO_DATA,0,0,0,0,0,0.0,0.0,0.0,,
2026-07-15T17:24:00+08:00,2026-07-15,980l,元大虎尾,元大-虎尾,NO_DATA,0,0,0,0,0,0.0,0.0,0.0,,
2026-07-15T17:24:00+08:00,2026-07-15,989f,元大東港,元大-東港,NO_DATA,0,0,0,0,0,0.0,0.0,0.0,,
2026-07-15T17:24:00+08:00,2026-07-15,989a,元大苑裡,元大-苑裡,NO_DATA,0,0,0,0,0,0.0,0.0,0.0,,
2026-07-15T17:24:00+08:00,2026-07-15,989J,元大彰化民生,元大-彰化民生,NO_DATA,0,0,0,0,0,0.0,0.0,0.0,,
2026-07-15T17:24:00+08:00,2026-07-15,700B,兆豐板橋,兆豐-板橋,NO_DATA,0,0,0,0,0,0.0,0.0,0.0,,
2026-07-15T17:24:00+08:00,2026-07-15,9238,凱基士林,凱基-士林,NO_DATA,0,0,0,0,0,0.0,0.0,0.0,,
2026-07-15T17:24:00+08:00,2026-07-15,9237,凱基敦北,凱基-敦北,NO_DATA,0,0,0,0,0,0.0,0.0,0.0,,
2026-07-15T17:24:00+08:00,2026-07-15,9229,凱基中山,凱基-中山,NO_DATA,0,0,0,0,0,0.0,0.0,0.0,,
2026-07-15T17:24:00+08:00,2026-07-15,920H,凱基基隆,凱基-基隆,NO_DATA,0,0,0,0,0,0.0,0.0,0.0,,
2026-07-15T17:24:00+08:00,2026-07-15,9211,凱基台南,凱基-台南,NO_DATA,0,0,0,0,0,0.0,0.0,0.0,,
2026-07-15T17:24:00+08:00,2026-07-15,779c,國票敦北法人,國票-敦北法人,NO_DATA,0,0,0,0,0,0.0,0.0,0.0,,
2026-07-15T17:24:00+08:00,2026-07-15,585Q,統一三多,統一-三多,NO_DATA,0,0,0,0,0,0.0,0.0,0.0,,
2026-07-15T17:24:00+08:00,2026-07-15,585Y,統一土城,統一-土城,NO_DATA,0,0,0,0,0,0.0,0.0,0.0,,
2026-07-15T17:24:00+08:00,2026-07-15,5853,統一中壢,統一-中壢,NO_DATA,0,0,0,0,0,0.0,0.0,0.0,,
2026-07-15T17:24:00+08:00,2026-07-15,538Y,第一金中壢,第一金-中壢,NO_DATA,0,0,0,0,0,0.0,0.0,0.0,,
2026-07-15T17:24:00+08:00,2026-07-15,6114,台中銀員林,台中銀-員林,NO_DATA,0,0,0,0,0,0.0,0.0,0.0,,
2026-07-15T17:24:00+08:00,2026-07-15,6381,光和溪湖,光和-溪湖,NO_DATA,0,0,0,0,0,0.0,0.0,0.0,,
2026-07-15T17:24:00+08:00,2026-07-15,111B,台灣企銀建成,台灣企銀-建成,NO_DATA,0,0,0,0,0,0.0,0.0,0.0,,
2026-07-15T17:34:00+08:00,2026-07-15,961F,富邦公益,富邦-公益,NO_DATA,0,0,0,0,0,0.0,0.0,0.0,,
2026-07-15T17:34:00+08:00,2026-07-15,9663,富邦敦南,富邦-敦南,NO_DATA,0,0,0,0,0,0.0,0.0,0.0,,
2026-07-15T17:34:00+08:00,2026-07-15,9676,富邦仁愛,富邦-仁愛,NO_DATA,0,0,0,0,0,0.0,0.0,0.0,,
2026-07-15T17:34:00+08:00,2026-07-15,8560,新光,新光,NO_DATA,0,0,0,0,0,0.0,0.0,0.0,,
2026-07-15T17:34:00+08:00,2026-07-15,9A9g,永豐金內湖,永豐金-內湖,NO_DATA,0,0,0,0,0,0.0,0.0,0.0,,
2026-07-15T17:34:00+08:00,2026-07-15,9A9P,永豐金竹北,永豐金-竹北,NO_DATA,0,0,0,0,0,0.0,0.0,0.0,,
2026-07-15T17:34:00+08:00,2026-07-15,9A9X,永豐金竹科,永豐金-竹科,NO_DATA,0,0,0,0,0,0.0,0.0,0.0,,
2026-07-15T17:34:00+08:00,2026-07-15,9A9W,永豐金市政,永豐金-市政,NO_DATA,0,0,0,0,0,0.0,0.0,0.0,,
2026-07-15T17:34:00+08:00,2026-07-15,9A9R,永豐金信義,永豐金-信義,NO_DATA,0,0,0,0,0,0.0,0.0,0.0,,
2026-07-15T17:34:00+08:00,2026-07-15,9302,華南永昌台中,華南永昌-台中,NO_DATA,0,0,0,0,0,0.0,0.0,0.0,,
2026-07-15T17:34:00+08:00,2026-07-15,9316,華南永昌淡水,華南永昌-淡水,NO_DATA,0,0,0,0,0,0.0,0.0,0.0,,
2026-07-15T17:34:00+08:00,2026-07-15,9343,華南永昌頭份,華南永昌-頭份,NO_DATA,0,0,0,0,0,0.0,0.0,0.0,,
2026-07-15T17:34:00+08:00,2026-07-15,9337,華南永昌內壢,華南永昌-內壢,NO_DATA,0,0,0,0,0,0.0,0.0,0.0,,
2026-07-15T17:34:00+08:00,2026-07-15,6480,福邦證券,福邦,NO_DATA,0,0,0,0,0,0.0,0.0,0.0,,
2026-07-15T17:34:00+08:00,2026-07-15,9135,群益東大,群益金鼎-東大,NO_DATA,0,0,0,0,0,0.0,0.0,0.0,,
2026-07-15T17:34:00+08:00,2026-07-15,918C,群益金鼎古亭,群益金鼎-古亭,NO_DATA,0,0,0,0,0,0.0,0.0,0.0,,
2026-07-15T17:34:00+08:00,2026-07-15,9186,群益金鼎新竹,群益金鼎-新竹,NO_DATA,0,0,0,0,0,0.0,0.0,0.0,,
2026-07-15T17:34:00+08:00,2026-07-15,9867,元大內湖民權,元大-內湖民權,NO_DATA,0,0,0,0,0,0.0,0.0,0.0,,
2026-07-15T17:34:00+08:00,2026-07-15,9853,元大南屯,元大-南屯,NO_DATA,0,0,0,0,0,0.0,0.0,0.0,,
2026-07-15T17:34:00+08:00,2026-07-15,989Q,元大汐止,元大-汐止,NO_DATA,0,0,0,0,0,0.0,0.0,0.0,,
2026-07-15T17:34:00+08:00,2026-07-15,980l,元大虎尾,元大-虎尾,NO_DATA,0,0,0,0,0,0.0,0.0,0.0,,
2026-07-15T17:34:00+08:00,2026-07-15,989f,元大東港,元大-東港,NO_DATA,0,0,0,0,0,0.0,0.0,0.0,,
2026-07-15T17:34:00+08:00,2026-07-15,989a,元大苑裡,元大-苑裡,NO_DATA,0,0,0,0,0,0.0,0.0,0.0,,
2026-07-15T17:34:00+08:00,2026-07-15,989J,元大彰化民生,元大-彰化民生,NO_DATA,0,0,0,0,0,0.0,0.0,0.0,,
2026-07-15T17:34:00+08:00,2026-07-15,700B,兆豐板橋,兆豐-板橋,NO_DATA,0,0,0,0,0,0.0,0.0,0.0,,
2026-07-15T17:34:00+08:00,2026-07-15,9238,凱基士林,凱基-士林,NO_DATA,0,0,0,0,0,0.0,0.0,0.0,,
2026-07-15T17:34:00+08:00,2026-07-15,9237,凱基敦北,凱基-敦北,NO_DATA,0,0,0,0,0,0.0,0.0,0.0,,
2026-07-15T17:34:00+08:00,2026-07-15,9229,凱基中山,凱基-中山,NO_DATA,0,0,0,0,0,0.0,0.0,0.0,,
2026-07-15T17:34:00+08:00,2026-07-15,920H,凱基基隆,凱基-基隆,NO_DATA,0,0,0,0,0,0.0,0.0,0.0,,
2026-07-15T17:34:00+08:00,2026-07-15,9211,凱基台南,凱基-台南,NO_DATA,0,0,0,0,0,0.0,0.0,0.0,,
2026-07-15T17:34:00+08:00,2026-07-15,779c,國票敦北法人,國票-敦北法人,NO_DATA,0,0,0,0,0,0.0,0.0,0.0,,
2026-07-15T17:34:00+08:00,2026-07-15,585Q,統一三多,統一-三多,NO_DATA,0,0,0,0,0,0.0,0.0,0.0,,
2026-07-15T17:34:00+08:00,2026-07-15,585Y,統一土城,統一-土城,NO_DATA,0,0,0,0,0,0.0,0.0,0.0,,
2026-07-15T17:34:00+08:00,2026-07-15,5853,統一中壢,統一-中壢,NO_DATA,0,0,0,0,0,0.0,0.0,0.0,,
2026-07-15T17:34:00+08:00,2026-07-15,538Y,第一金中壢,第一金-中壢,NO_DATA,0,0,0,0,0,0.0,0.0,0.0,,
2026-07-15T17:34:00+08:00,2026-07-15,6114,台中銀員林,台中銀-員林,NO_DATA,0,0,0,0,0,0.0,0.0,0.0,,
2026-07-15T17:34:00+08:00,2026-07-15,6381,光和溪湖,光和-溪湖,NO_DATA,0,0,0,0,0,0.0,0.0,0.0,,
2026-07-15T17:34:00+08:00,2026-07-15,111B,台灣企銀建成,台灣企銀-建成,NO_DATA,0,0,0,0,0,0.0,0.0,0.0,,
2026-07-15T17:44:00+08:00,2026-07-15,961F,富邦公益,富邦-公益,NO_DATA,0,0,0,0,0,0.0,0.0,0.0,,
2026-07-15T17:44:00+08:00,2026-07-15,9663,富邦敦南,富邦-敦南,NO_DATA,0,0,0,0,0,0.0,0.0,0.0,,
2026-07-15T17:44:00+08:00,2026-07-15,9676,富邦仁愛,富邦-仁愛,NO_DATA,0,0,0,0,0,0.0,0.0,0.0,,
2026-07-15T17:44:00+08:00,2026-07-15,8560,新光,新光,NO_DATA,0,0,0,0,0,0.0,0.0,0.0,,
2026-07-15T17:44:00+08:00,2026-07-15,9A9g,永豐金內湖,永豐金-內湖,NO_DATA,0,0,0,0,0,0.0,0.0,0.0,,
2026-07-15T17:44:00+08:00,2026-07-15,9A9P,永豐金竹北,永豐金-竹北,NO_DATA,0,0,0,0,0,0.0,0.0,0.0,,
2026-07-15T17:44:00+08:00,2026-07-15,9A9X,永豐金竹科,永豐金-竹科,NO_DATA,0,0,0,0,0,0.0,0.0,0.0,,
2026-07-15T17:44:00+08:00,2026-07-15,9A9W,永豐金市政,永豐金-市政,NO_DATA,0,0,0,0,0,0.0,0.0,0.0,,
2026-07-15T17:44:00+08:00,2026-07-15,9A9R,永豐金信義,永豐金-信義,NO_DATA,0,0,0,0,0,0.0,0.0,0.0,,
2026-07-15T17:44:00+08:00,2026-07-15,9302,華南永昌台中,華南永昌-台中,NO_DATA,0,0,0,0,0,0.0,0.0,0.0,,
2026-07-15T17:44:00+08:00,2026-07-15,9316,華南永昌淡水,華南永昌-淡水,NO_DATA,0,0,0,0,0,0.0,0.0,0.0,,
2026-07-15T17:44:00+08:00,2026-07-15,9343,華南永昌頭份,華南永昌-頭份,NO_DATA,0,0,0,0,0,0.0,0.0,0.0,,
2026-07-15T17:44:00+08:00,2026-07-15,9337,華南永昌內壢,華南永昌-內壢,NO_DATA,0,0,0,0,0,0.0,0.0,0.0,,
2026-07-15T17:44:00+08:00,2026-07-15,6480,福邦證券,福邦,NO_DATA,0,0,0,0,0,0.0,0.0,0.0,,
2026-07-15T17:44:00+08:00,2026-07-15,9135,群益東大,群益金鼎-東大,NO_DATA,0,0,0,0,0,0.0,0.0,0.0,,
2026-07-15T17:44:00+08:00,2026-07-15,918C,群益金鼎古亭,群益金鼎-古亭,NO_DATA,0,0,0,0,0,0.0,0.0,0.0,,
2026-07-15T17:44:00+08:00,2026-07-15,9186,群益金鼎新竹,群益金鼎-新竹,NO_DATA,0,0,0,0,0,0.0,0.0,0.0,,
2026-07-15T17:44:00+08:00,2026-07-15,9867,元大內湖民權,元大-內湖民權,NO_DATA,0,0,0,0,0,0.0,0.0,0.0,,
2026-07-15T17:44:00+08:00,2026-07-15,9853,元大南屯,元大-南屯,NO_DATA,0,0,0,0,0,0.0,0.0,0.0,,
2026-07-15T17:44:00+08:00,2026-07-15,989Q,元大汐止,元大-汐止,NO_DATA,0,0,0,0,0,0.0,0.0,0.0,,
2026-07-15T17:44:00+08:00,2026-07-15,980l,元大虎尾,元大-虎尾,NO_DATA,0,0,0,0,0,0.0,0.0,0.0,,
2026-07-15T17:44:00+08:00,2026-07-15,989f,元大東港,元大-東港,NO_DATA,0,0,0,0,0,0.0,0.0,0.0,,
2026-07-15T17:44:00+08:00,2026-07-15,989a,元大苑裡,元大-苑裡,NO_DATA,0,0,0,0,0,0.0,0.0,0.0,,
2026-07-15T17:44:00+08:00,2026-07-15,989J,元大彰化民生,元大-彰化民生,NO_DATA,0,0,0,0,0,0.0,0.0,0.0,,
2026-07-15T17:44:00+08:00,2026-07-15,700B,兆豐板橋,兆豐-板橋,NO_DATA,0,0,0,0,0,0.0,0.0,0.0,,
2026-07-15T17:44:00+08:00,2026-07-15,9238,凱基士林,凱基-士林,NO_DATA,0,0,0,0,0,0.0,0.0,0.0,,
2026-07-15T17:44:00+08:00,2026-07-15,9237,凱基敦北,凱基-敦北,NO_DATA,0,0,0,0,0,0.0,0.0,0.0,,
2026-07-15T17:44:00+08:00,2026-07-15,9229,凱基中山,凱基-中山,NO_DATA,0,0,0,0,0,0.0,0.0,0.0,,
2026-07-15T17:44:00+08:00,2026-07-15,920H,凱基基隆,凱基-基隆,NO_DATA,0,0,0,0,0,0.0,0.0,0.0,,
2026-07-15T17:44:00+08:00,2026-07-15,9211,凱基台南,凱基-台南,NO_DATA,0,0,0,0,0,0.0,0.0,0.0,,
2026-07-15T17:44:00+08:00,2026-07-15,779c,國票敦北法人,國票-敦北法人,NO_DATA,0,0,0,0,0,0.0,0.0,0.0,,
2026-07-15T17:44:00+08:00,2026-07-15,585Q,統一三多,統一-三多,NO_DATA,0,0,0,0,0,0.0,0.0,0.0,,
2026-07-15T17:44:00+08:00,2026-07-15,585Y,統一土城,統一-土城,NO_DATA,0,0,0,0,0,0.0,0.0,0.0,,
2026-07-15T17:44:00+08:00,2026-07-15,5853,統一中壢,統一-中壢,NO_DATA,0,0,0,0,0,0.0,0.0,0.0,,
2026-07-15T17:44:00+08:00,2026-07-15,538Y,第一金中壢,第一金-中壢,NO_DATA,0,0,0,0,0,0.0,0.0,0.0,,
2026-07-15T17:44:00+08:00,2026-07-15,6114,台中銀員林,台中銀-員林,NO_DATA,0,0,0,0,0,0.0,0.0,0.0,,
2026-07-15T17:44:00+08:00,2026-07-15,6381,光和溪湖,光和-溪湖,NO_DATA,0,0,0,0,0,0.0,0.0,0.0,,
2026-07-15T17:44:00+08:00,2026-07-15,111B,台灣企銀建成,台灣企銀-建成,NO_DATA,0,0,0,0,0,0.0,0.0,0.0,,
2026-07-15T17:54:01+08:00,2026-07-15,961F,富邦公益,富邦-公益,NO_DATA,0,0,0,0,0,0.0,0.0,0.0,,
2026-07-15T17:54:01+08:00,2026-07-15,9663,富邦敦南,富邦-敦南,NO_DATA,0,0,0,0,0,0.0,0.0,0.0,,
2026-07-15T17:54:01+08:00,2026-07-15,9676,富邦仁愛,富邦-仁愛,NO_DATA,0,0,0,0,0,0.0,0.0,0.0,,
2026-07-15T17:54:01+08:00,2026-07-15,8560,新光,新光,NO_DATA,0,0,0,0,0,0.0,0.0,0.0,,
2026-07-15T17:54:01+08:00,2026-07-15,9A9g,永豐金內湖,永豐金-內湖,NO_DATA,0,0,0,0,0,0.0,0.0,0.0,,
2026-07-15T17:54:01+08:00,2026-07-15,9A9P,永豐金竹北,永豐金-竹北,NO_DATA,0,0,0,0,0,0.0,0.0,0.0,,
2026-07-15T17:54:01+08:00,2026-07-15,9A9X,永豐金竹科,永豐金-竹科,NO_DATA,0,0,0,0,0,0.0,0.0,0.0,,
2026-07-15T17:54:01+08:00,2026-07-15,9A9W,永豐金市政,永豐金-市政,NO_DATA,0,0,0,0,0,0.0,0.0,0.0,,
2026-07-15T17:54:01+08:00,2026-07-15,9A9R,永豐金信義,永豐金-信義,NO_DATA,0,0,0,0,0,0.0,0.0,0.0,,
2026-07-15T17:54:01+08:00,2026-07-15,9302,華南永昌台中,華南永昌-台中,NO_DATA,0,0,0,0,0,0.0,0.0,0.0,,
2026-07-15T17:54:01+08:00,2026-07-15,9316,華南永昌淡水,華南永昌-淡水,NO_DATA,0,0,0,0,0,0.0,0.0,0.0,,
2026-07-15T17:54:01+08:00,2026-07-15,9343,華南永昌頭份,華南永昌-頭份,NO_DATA,0,0,0,0,0,0.0,0.0,0.0,,
2026-07-15T17:54:01+08:00,2026-07-15,9337,華南永昌內壢,華南永昌-內壢,NO_DATA,0,0,0,0,0,0.0,0.0,0.0,,
2026-07-15T17:54:01+08:00,2026-07-15,6480,福邦證券,福邦,NO_DATA,0,0,0,0,0,0.0,0.0,0.0,,
2026-07-15T17:54:01+08:00,2026-07-15,9135,群益東大,群益金鼎-東大,NO_DATA,0,0,0,0,0,0.0,0.0,0.0,,
2026-07-15T17:54:01+08:00,2026-07-15,918C,群益金鼎古亭,群益金鼎-古亭,NO_DATA,0,0,0,0,0,0.0,0.0,0.0,,
2026-07-15T17:54:01+08:00,2026-07-15,9186,群益金鼎新竹,群益金鼎-新竹,NO_DATA,0,0,0,0,0,0.0,0.0,0.0,,
2026-07-15T17:54:01+08:00,2026-07-15,9867,元大內湖民權,元大-內湖民權,NO_DATA,0,0,0,0,0,0.0,0.0,0.0,,
2026-07-15T17:54:01+08:00,2026-07-15,9853,元大南屯,元大-南屯,NO_DATA,0,0,0,0,0,0.0,0.0,0.0,,
2026-07-15T17:54:01+08:00,2026-07-15,989Q,元大汐止,元大-汐止,NO_DATA,0,0,0,0,0,0.0,0.0,0.0,,
2026-07-15T17:54:01+08:00,2026-07-15,980l,元大虎尾,元大-虎尾,NO_DATA,0,0,0,0,0,0.0,0.0,0.0,,
2026-07-15T17:54:01+08:00,2026-07-15,989f,元大東港,元大-東港,NO_DATA,0,0,0,0,0,0.0,0.0,0.0,,
2026-07-15T17:54:01+08:00,2026-07-15,989a,元大苑裡,元大-苑裡,NO_DATA,0,0,0,0,0,0.0,0.0,0.0,,
2026-07-15T17:54:01+08:00,2026-07-15,989J,元大彰化民生,元大-彰化民生,NO_DATA,0,0,0,0,0,0.0,0.0,0.0,,
2026-07-15T17:54:01+08:00,2026-07-15,700B,兆豐板橋,兆豐-板橋,NO_DATA,0,0,0,0,0,0.0,0.0,0.0,,
2026-07-15T17:54:01+08:00,2026-07-15,9238,凱基士林,凱基-士林,NO_DATA,0,0,0,0,0,0.0,0.0,0.0,,
2026-07-15T17:54:01+08:00,2026-07-15,9237,凱基敦北,凱基-敦北,NO_DATA,0,0,0,0,0,0.0,0.0,0.0,,
2026-07-15T17:54:01+08:00,2026-07-15,9229,凱基中山,凱基-中山,NO_DATA,0,0,0,0,0,0.0,0.0,0.0,,
2026-07-15T17:54:01+08:00,2026-07-15,920H,凱基基隆,凱基-基隆,NO_DATA,0,0,0,0,0,0.0,0.0,0.0,,
2026-07-15T17:54:01+08:00,2026-07-15,9211,凱基台南,凱基-台南,NO_DATA,0,0,0,0,0,0.0,0.0,0.0,,
2026-07-15T17:54:01+08:00,2026-07-15,779c,國票敦北法人,國票-敦北法人,NO_DATA,0,0,0,0,0,0.0,0.0,0.0,,
2026-07-15T17:54:01+08:00,2026-07-15,585Q,統一三多,統一-三多,NO_DATA,0,0,0,0,0,0.0,0.0,0.0,,
2026-07-15T17:54:01+08:00,2026-07-15,585Y,統一土城,統一-土城,NO_DATA,0,0,0,0,0,0.0,0.0,0.0,,
2026-07-15T17:54:01+08:00,2026-07-15,5853,統一中壢,統一-中壢,NO_DATA,0,0,0,0,0,0.0,0.0,0.0,,
2026-07-15T17:54:01+08:00,2026-07-15,538Y,第一金中壢,第一金-中壢,NO_DATA,0,0,0,0,0,0.0,0.0,0.0,,
2026-07-15T17:54:01+08:00,2026-07-15,6114,台中銀員林,台中銀-員林,NO_DATA,0,0,0,0,0,0.0,0.0,0.0,,
2026-07-15T17:54:01+08:00,2026-07-15,6381,光和溪湖,光和-溪湖,NO_DATA,0,0,0,0,0,0.0,0.0,0.0,,
2026-07-15T17:54:01+08:00,2026-07-15,111B,台灣企銀建成,台灣企銀-建成,NO_DATA,0,0,0,0,0,0.0,0.0,0.0,,
2026-07-15T18:04:00+08:00,2026-07-15,961F,富邦公益,富邦公益,OK,3,3,100000,0,100000,900100.0,0.0,900100.0,17ec0cc977d691db0375febc132f5ffa98dc3fbd106091d2bc076b83bda9ed18,
2026-07-15T18:04:00+08:00,2026-07-15,9663,富邦敦南,富邦敦南,OK,3,3,10000,100000,-90000,2400.0,5170.0,-2770.0,a1394b53d2153ba1ab3205c5716181973954c2196f271cc6724ca1c4ca643330,
2026-07-15T18:04:00+08:00,2026-07-15,9676,富邦仁愛,富邦仁愛,OK,9,8,67000,101000,-34000,71370.0,86030.0,-14660.0,5fda178bdb9be57137a410ff274875cf3aa7797dd0ee4855a7972337d9f39f02,
2026-07-15T18:04:00+08:00,2026-07-15,8560,新光,新光,OK,55,35,476000,192000,284000,355580.0,70320.0,285260.0,b208c86615a1bc209b63edd1f7d2fb38becf08df3bc25bdf0722d12bdb8ec881,
2026-07-15T18:04:00+08:00,2026-07-15,9A9g,永豐金內湖,永豐內湖,OK,3,2,12000,0,12000,20690.0,0.0,20690.0,f908b68b86ffd57d991df1351af3ac64c6110ef4ce435876f33ff7c83ad923a6,
2026-07-15T18:04:00+08:00,2026-07-15,9A9P,永豐金竹北,永豐竹北,OK,5,3,10000,0,10000,20410.0,0.0,20410.0,418676416519da6884b89a8dd445278e4d8d74dac227d799ab4d79fbfd833034,
2026-07-15T18:04:00+08:00,2026-07-15,9A9X,永豐金竹科,永豐竹科,OK,23,14,79000,22000,57000,160130.0,31840.0,128290.0,867e8c7eef173e2e4b56b21746418b6937a2e3aff00683be6bb5772bdec3b827,
2026-07-15T18:04:00+08:00,2026-07-15,9A9W,永豐金市政,永豐市政,OK,14,12,70000,53000,17000,18440.0,55030.0,-36590.0,961461e1c5aed3d7579e143cf8f14a1aa67bed89407d70362739b873f018cd03,
2026-07-15T18:04:00+08:00,2026-07-15,9A9R,永豐金信義,永豐金信義,OK,1,1,50000,0,50000,6500.0,0.0,6500.0,c91cd3c9f5e5c1891470b8e7f2bce00ff4f675e653132e95bdf3cb9baa7b2d31,
2026-07-15T18:04:00+08:00,2026-07-15,9302,華南永昌台中,華南台中,OK,5,5,14000,299000,-285000,16170.0,340860.0,-324690.0,ecbb9aabe149f7cb427f7580ca006aca5579f611e1c5d9caa1e40cf7581139e8,
2026-07-15T18:04:00+08:00,2026-07-15,9316,華南永昌淡水,華南永昌-淡水,NO_DATA,0,0,0,0,0,0.0,0.0,0.0,,
2026-07-15T18:04:00+08:00,2026-07-15,9343,華南永昌頭份,華南頭份,OK,2,2,3000,1000,2000,2880.0,8900.0,-6020.0,fd83a596c569030c548218c357b740e553c9ae6aa248af4acfda1b8a6118688b,
2026-07-15T18:04:00+08:00,2026-07-15,9337,華南永昌內壢,華南永昌-內壢,NO_DATA,0,0,0,0,0,0.0,0.0,0.0,,
2026-07-15T18:04:00+08:00,2026-07-15,6480,福邦證券,福邦,NO_DATA,0,0,0,0,0,0.0,0.0,0.0,,
2026-07-15T18:04:00+08:00,2026-07-15,9135,群益東大,群益東大,OK,2,1,20000,0,20000,7600.0,0.0,7600.0,365e54fd497ce8bd7d7a09b66d2888496ea264bfc8094bffcce7d21b03a1d41d,
2026-07-15T18:04:00+08:00,2026-07-15,918C,群益金鼎古亭,群益古亭,OK,3,3,13000,1000,12000,5340.0,10200.0,-4860.0,fb00efd606596d2b30e90274b4c90a5c4674c05b5117b95f810b166ce520d9bc,
2026-07-15T18:04:00+08:00,2026-07-15,9186,群益金鼎新竹,群益新竹,OK,4,3,10000,40000,-30000,1080.0,7830.0,-6750.0,c7d5aa044149d104cd7afd2947adb4942c72df6015888f0462198ed3aae6a7f8,
2026-07-15T18:04:00+08:00,2026-07-15,9867,元大內湖民權,元大民權,OK,6,6,73000,2000,71000,13210.0,2120.0,11090.0,b2d0db391d455deec6126d1db0c7d45d9040afbab4db729d4417b314fb1f59d7,
2026-07-15T18:04:00+08:00,2026-07-15,9853,元大南屯,元大南屯,OK,17,14,42000,51000,-9000,33780.0,29210.0,4570.0,377b03b36dcb73945d3a74e680e5f43b2ea8b8c5f82c68b8dd89c7cfe78b09ae,
2026-07-15T18:04:00+08:00,2026-07-15,989Q,元大汐止,元大汐止,OK,7,4,83000,0,83000,37590.0,0.0,37590.0,4a8380e674c4cb0b036697f7e7cd45342b68a3d1a71f9eb43b6ff508fbf0407c,
2026-07-15T18:04:00+08:00,2026-07-15,980l,元大虎尾,元大虎尾,OK,3,1,11000,2000,9000,880.0,210.0,670.0,1c08fcae832a9f2fa360b270d43c09735b33068fa255e8490cf201c66567b530,
2026-07-15T18:04:00+08:00,2026-07-15,989f,元大東港,元大東港,OK,3,3,13000,2000,11000,14510.0,20.0,14490.0,f7528684c7a4572e6c5473c8e9223365c322dfbe6a184c107e98cf89c5cb729b,
2026-07-15T18:04:00+08:00,2026-07-15,989a,元大苑裡,元大苑裡,OK,4,3,20000,10000,10000,26700.0,22700.0,4000.0,26a83ec22b2f5da81d57c724b6eb155daafbc2dc51e0f8ca7d1f611a04b98bd6,
2026-07-15T18:04:00+08:00,2026-07-15,989J,元大彰化民生,元大彰生,OK,15,8,434000,1000,433000,689690.0,1200.0,688490.0,9f421c83165e1f8e2640d86d22f7791ad66440e03ece7e60ac1310dd44894bd7,
2026-07-15T18:04:00+08:00,2026-07-15,700B,兆豐板橋,兆豐板橋,OK,6,2,399000,10000,389000,717710.0,1700.0,716010.0,a807273799125d99d31f02ef340bb5a650125b3d472afb1d3f5aa0d4a4d895d1,
2026-07-15T18:04:00+08:00,2026-07-15,9238,凱基士林,凱基士林,OK,7,4,403000,214000,189000,348550.0,172710.0,175840.0,bce5e85c0e261cd9a4621cdcf638620124e2fe303b81eaa58d9e612801d78ccd,
2026-07-15T18:04:00+08:00,2026-07-15,9237,凱基敦北,凱基敦北,OK,1,1,0,30000,-30000,0.0,62700.0,-62700.0,ee8cd18399780d16b02cca7a5466eee61ef0aac2d25f75bcbf00c833c40cd2e8,
2026-07-15T18:04:00+08:00,2026-07-15,9229,凱基中山,凱基中山,OK,1,1,20000,0,20000,18400.0,0.0,18400.0,93d594e399381a4fb0a4072e5521498ad29f10ea911972cfdcfde36db99040fa,
2026-07-15T18:04:00+08:00,2026-07-15,920H,凱基基隆,凱基-基隆,NO_DATA,0,0,0,0,0,0.0,0.0,0.0,,
2026-07-15T18:04:00+08:00,2026-07-15,9211,凱基台南,凱基台南,OK,12,10,202000,42000,160000,74130.0,26890.0,47240.0,6f492cdb364b9944185019f3b5c4367972296bc78c472400b87f48355309290d,
2026-07-15T18:04:00+08:00,2026-07-15,779c,國票敦北法人,國票敦北,OK,4,4,0,36000,-36000,0.0,27920.0,-27920.0,922a5cf6ac8aaf64d1b457f0d835c0c30f1c6f262aaad67df7223fa78c9b644e,
2026-07-15T18:04:00+08:00,2026-07-15,585Q,統一三多,統一三多,OK,8,5,267000,1000000,-733000,534590.0,480020.0,54570.0,637e7e1559053c2f7f24af27a895314f7595c9d5f47b0ab874f189f34422c12d,
2026-07-15T18:04:00+08:00,2026-07-15,585Y,統一土城,統一土城,OK,1,1,10000,0,10000,4700.0,0.0,4700.0,66e9c43ba8f5bc7f80eb46fa89c31659397934f1aac5b26e93e08a67e20effe9,
2026-07-15T18:04:00+08:00,2026-07-15,5853,統一中壢,統一中壢,OK,1,1,0,1000,-1000,0.0,20000.0,-20000.0,3992eaa279e9957aa5da3f973d58d6e700116182c534551079677cd5f20cd4c8,
2026-07-15T18:04:00+08:00,2026-07-15,538Y,第一金中壢,第一金中壢,OK,9,5,5000,23000,-18000,10310.0,37090.0,-26780.0,f0b9a1ac9202b9fd478090aeaa52b49d348e74c876d589cb28770e6b54957912,
2026-07-15T18:04:00+08:00,2026-07-15,6114,台中銀員林,台中銀-員林,NO_DATA,0,0,0,0,0,0.0,0.0,0.0,,
2026-07-15T18:04:00+08:00,2026-07-15,6381,光和溪湖,光和溪湖,OK,2,2,32000,0,32000,21580.0,0.0,21580.0,ce500c19a66156479a698aa7496e86e0fe07f2843906fa40aeba4717ab24061b,
2026-07-15T18:04:00+08:00,2026-07-15,111B,台灣企銀建成,台灣企銀-建成,NO_DATA,0,0,0,0,0,0.0,0.0,0.0,,
2026-07-15T18:14:00+08:00,2026-07-15,961F,富邦公益,富邦公益,OK,10,10,187000,32000,155000,973730.0,22560.0,951170.0,3cf2fca0c7bc0f4ba63a25940ccfb32acd3e5bab496c19da64093dc77ceb7544,
2026-07-15T18:14:00+08:00,2026-07-15,9663,富邦敦南,富邦敦南,OK,19,16,168000,211000,-43000,113440.0,107690.0,5750.0,c28568bca6132dd5d71e912f6b09f5ddb5734d68030b4dec0db4c300384a1dfe,
2026-07-15T18:14:00+08:00,2026-07-15,9676,富邦仁愛,富邦仁愛,OK,24,17,95000,219000,-124000,99400.0,275860.0,-176460.0,18d3fd7c18d1211852627726fff779f1d45299cb479b11a4bb4d67ebb03d871a,
2026-07-15T18:14:00+08:00,2026-07-15,8560,新光,新光,OK,128,87,1316000,582000,734000,1928500.0,643410.0,1285090.0,130315b60947de4089a50178e4bca6853510e9a35227fbc415874acf43da535f,
2026-07-15T18:14:00+08:00,2026-07-15,9A9g,永豐金內湖,永豐內湖,OK,8,6,39000,185000,-146000,66580.0,137100.0,-70520.0,6ce7fae4ac4ab9367c5a8dca0973dbef6b305b18528f30b6c370b47bbceea658,
2026-07-15T18:14:00+08:00,2026-07-15,9A9P,永豐金竹北,永豐竹北,OK,37,22,560000,245000,315000,669180.0,754980.0,-85800.0,6f8020561fcf141a9767adfc1cbe3375e940d5b69dc91354c0e423e36cbd193c,
2026-07-15T18:14:00+08:00,2026-07-15,9A9X,永豐金竹科,永豐竹科,OK,41,27,227000,109000,118000,406440.0,207830.0,198610.0,486662cf7f6bdec138cdf524dd73af63868a590417e4e31c31766a13f82f4fb0,
2026-07-15T18:14:00+08:00,2026-07-15,9A9W,永豐金市政,永豐市政,OK,46,40,330000,153000,177000,386300.0,176060.0,210240.0,ca899b7e065de3670f857832286bb2a7cabd2b9bf98ab1905730fc99d84313f2,
2026-07-15T18:14:00+08:00,2026-07-15,9A9R,永豐金信義,永豐金信義,OK,2,2,70000,0,70000,29300.0,0.0,29300.0,d893bf2bd23aad89cfa539e25e3d30c2a07bda3b281716ed794fa048c01d8de6,
2026-07-15T18:14:00+08:00,2026-07-15,9302,華南永昌台中,華南台中,OK,21,18,1067000,319000,748000,389400.0,390050.0,-650.0,8c7afbf9c000d1c5faace1dc4fa14b222592942459bcb3aee2a86c12d70e6941,
2026-07-15T18:14:00+08:00,2026-07-15,9316,華南永昌淡水,永昌淡水,OK,2,2,22000,0,22000,13560.0,0.0,13560.0,3706d0ebb1ce541a872d96a8048d93d64057d6ab2903c1830ec769b32c2b01b9,
2026-07-15T18:14:00+08:00,2026-07-15,9343,華南永昌頭份,華南頭份,OK,3,3,3000,216000,-213000,2880.0,266900.0,-264020.0,6ce0c5a7d9ee6b1da1474ddf89dbda0f807113dff8a0796dbfebb0f0253439b1,
2026-07-15T18:14:00+08:00,2026-07-15,9337,華南永昌內壢,永昌內壢,OK,8,6,140000,22000,118000,133640.0,20400.0,113240.0,f9d1601ffb8105501611afc11438597b6d837f6178b295a0f2712ba879bfba00,
2026-07-15T18:14:00+08:00,2026-07-15,6480,福邦證券,福邦,OK,2,1,999000,0,999000,699530.0,0.0,699530.0,c7eaf7e2649c9e8ece7c358d8c0e2ab4c90276598067e3fd9d57823e7b751d0c,
2026-07-15T18:14:00+08:00,2026-07-15,9135,群益東大,群益東大,OK,6,5,55000,70000,-15000,42150.0,67900.0,-25750.0,37b494e52fd0085e6d51645c2b20d95eed9d8680af6edeacd087be22d0d35d44,
2026-07-15T18:14:00+08:00,2026-07-15,918C,群益金鼎古亭,群益古亭,OK,8,6,13000,241000,-228000,5340.0,322100.0,-316760.0,eea6eccc83358f9d74e71e740962940cda666897533c521a2036309701f10f2b,
2026-07-15T18:14:00+08:00,2026-07-15,9186,群益金鼎新竹,群益新竹,OK,15,11,329000,52000,277000,331120.0,19930.0,311190.0,6abdb7139fd70840a90e5215969a90f42ca7c7f438cbcb9f92102e87dbeae12b,
2026-07-15T18:14:00+08:00,2026-07-15,9867,元大內湖民權,元大民權,OK,12,9,193000,80000,113000,237110.0,60330.0,176780.0,a4b519f928e394040d9d715929dbaf2ab3e41107d2718f00bb2483b4d1e2e48c,
2026-07-15T18:14:00+08:00,2026-07-15,9853,元大南屯,元大南屯,OK,40,33,116000,116000,0,103890.0,146450.0,-42560.0,61afdd75511e0b8b4aa1e9e018dbdefe065a2606f3fc0b02dca82fde6ff56c93,
2026-07-15T18:14:00+08:00,2026-07-15,989Q,元大汐止,元大汐止,OK,12,9,104000,300000,-196000,55580.0,230000.0,-174420.0,ee3cbca62a17c24e3879807e6bf5f99322bac151ca7759efcea138d97b997aaf,
2026-07-15T18:14:00+08:00,2026-07-15,980l,元大虎尾,元大虎尾,OK,12,9,66000,16000,50000,139730.0,16040.0,123690.0,a903f6d68e95aabcac9c34530e902dcacaa7e82a153c5b93b0b2b9d560cc39ef,
2026-07-15T18:14:00+08:00,2026-07-15,989f,元大東港,元大東港,OK,7,6,36000,22000,14000,74560.0,15020.0,59540.0,9038db6854f0db1bee56d43c83aa9d1b0186edc1b671f5d468117c6223b73aca,
2026-07-15T18:14:00+08:00,2026-07-15,989a,元大苑裡,元大苑裡,OK,11,9,25000,203000,-178000,38450.0,357740.0,-319290.0,8498eccfc1bf42843f8d10d588286e4ef3ec0e43d7f95e32198293644bdb487a,
2026-07-15T18:14:00+08:00,2026-07-15,989J,元大彰化民生,元大彰生,OK,28,17,606000,92000,514000,876510.0,55820.0,820690.0,b24cd1c89cf5102d4fc8a42b1652795bd69ca28602c08579f0f5fec737474997,
2026-07-15T18:14:00+08:00,2026-07-15,700B,兆豐板橋,兆豐板橋,OK,12,5,1648000,11000,1637000,2289280.0,4700.0,2284580.0,7269d26e1211854ac4247ce7e1edfefda6050f72b90b94c437bb187eba898149,
2026-07-15T18:14:00+08:00,2026-07-15,9238,凱基士林,凱基士林,OK,27,18,463000,363000,100000,507470.0,360970.0,146500.0,5f4344c037facac65d060d858237cbca8eef1432859c87819dfd952f085561d3,
2026-07-15T18:14:00+08:00,2026-07-15,9237,凱基敦北,凱基敦北,OK,3,3,1000,40000,-39000,800.0,136200.0,-135400.0,2cc44265c868ad359437b778ad067040ec5eceee96c931f79300194c7c0c5f22,
2026-07-15T18:14:00+08:00,2026-07-15,9229,凱基中山,凱基中山,OK,2,2,30000,0,30000,46900.0,0.0,46900.0,69935306d4fb532530aa94edeaf08359febfe6948ba7aef7c75129a18bb77d61,
2026-07-15T18:14:00+08:00,2026-07-15,920H,凱基基隆,凱基基隆,OK,3,3,112000,0,112000,40300.0,0.0,40300.0,ec8d931345b612167e516171927e272618665f54ab12a26c1d53cfb45011827c,
2026-07-15T18:14:00+08:00,2026-07-15,9211,凱基台南,凱基台南,OK,27,20,271000,87000,184000,256240.0,78830.0,177410.0,baee3b3e6aab8691b936712963ee8f6c4edb622a0fbca51e4448af783ed3d734,
2026-07-15T18:14:00+08:00,2026-07-15,779c,國票敦北法人,國票敦北,OK,5,5,20000,36000,-16000,14400.0,27920.0,-13520.0,6e491467ba20cefc30964ef1bbba0bdd8cba78b297f2f9f0386f69687d3cb249,
2026-07-15T18:14:00+08:00,2026-07-15,585Q,統一三多,統一三多,OK,30,16,688000,1266000,-578000,917190.0,698370.0,218820.0,975258d78926334cd9a8da712fd4146d3396bb267177c71853ed5a0f6eae6a7c,
2026-07-15T18:14:00+08:00,2026-07-15,585Y,統一土城,統一土城,OK,3,3,20000,0,20000,10350.0,0.0,10350.0,d4a4779ad31d6236b1aef633e9beb470c90b8cbdac30dcb990a6ec19659363fd,
2026-07-15T18:14:00+08:00,2026-07-15,5853,統一中壢,統一中壢,OK,7,4,70000,1000,69000,81120.0,20000.0,61120.0,c0bf839e56ce846ca3be0686432aa25e51d87d93a28c6fc3e66095364c2d37ec,
2026-07-15T18:14:00+08:00,2026-07-15,538Y,第一金中壢,第一中壢,OK,30,15,94000,73000,21000,175700.0,70550.0,105150.0,8ddc5eaa4c3eb3884cb82e286918918667d8d7375a54669e5774056e40d006d8,
2026-07-15T18:14:00+08:00,2026-07-15,6114,台中銀員林,台中銀員林,OK,3,2,42000,0,42000,107160.0,0.0,107160.0,3b5fe506a8c4d9f88f87de14133941650b34a84dee1b5de3d43da4fc4f83e7f4,
2026-07-15T18:14:00+08:00,2026-07-15,6381,光和溪湖,光和溪湖,OK,4,3,44000,0,44000,29800.0,0.0,29800.0,52341950c44e6be74b7721446871aba12c1673c921547987cc09018970a61843,
2026-07-15T18:14:00+08:00,2026-07-15,111B,台灣企銀建成,台灣企銀-建成,NO_DATA,0,0,0,0,0,0.0,0.0,0.0,,
2026-07-15T18:24:00+08:00,2026-07-15,961F,富邦公益,富邦公益,OK,23,21,460000,115000,345000,1403790.0,41450.0,1362340.0,51593633904a2500703bedb200dca9911922a4728ee9bd9fea9f8f2c7f6baf8b,
2026-07-15T18:24:00+08:00,2026-07-15,9663,富邦敦南,富邦敦南,OK,38,28,342000,288000,54000,285620.0,197240.0,88380.0,70408ec3b1ff83d09a4d136ddd33e94def679e014f3a702487a7c82b376757d9,
2026-07-15T18:24:00+08:00,2026-07-15,9676,富邦仁愛,富邦仁愛,OK,45,32,146000,859000,-713000,147110.0,2395310.0,-2248200.0,0d58ce843385a90939416784a50e59aa93402165efa8e9de73a63145be3d10f6,
2026-07-15T18:24:00+08:00,2026-07-15,8560,新光,新光,OK,205,141,2654000,1668000,986000,3382700.0,1949150.0,1433550.0,80289fdfc0ff6f69db3d7a4290346495221b3660348dd855bcc9d5e5d0ec9877,
2026-07-15T18:24:00+08:00,2026-07-15,9A9g,永豐金內湖,永豐內湖,OK,20,16,699000,255000,444000,817080.0,220500.0,596580.0,59ffb4067b0b53563b613fcb7833816998d6be5e8e83706f8e0b2c9f1943efb3,
2026-07-15T18:24:00+08:00,2026-07-15,9A9P,永豐金竹北,永豐竹北,OK,53,31,859000,525000,334000,1126800.0,1192260.0,-65460.0,c7e6c2a0a418cad2c8070692e2dae15218f24910baa32ef1c506eada495db6ea,
2026-07-15T18:24:00+08:00,2026-07-15,9A9X,永豐金竹科,永豐竹科,OK,70,49,437000,126000,311000,676270.0,260200.0,416070.0,acc0867e02ac36850a2aa8f5787cd4d4072b600d87a8319942a66706be4979ca,
2026-07-15T18:24:00+08:00,2026-07-15,9A9W,永豐金市政,永豐市政,OK,82,68,457000,277000,180000,645990.0,332680.0,313310.0,5f466754f81667b3c42729516bacf97f477dce8c2219d4cf76a9e4cf0bee8f06,
2026-07-15T18:24:00+08:00,2026-07-15,9A9R,永豐金信義,永豐金信義,OK,6,4,70000,60000,10000,29300.0,111000.0,-81700.0,ed93ec382469bb8607ce88373e5dfaffc6d2ea6fb6907327051b31f0945c264c,
2026-07-15T18:24:00+08:00,2026-07-15,9302,華南永昌台中,華南台中,OK,27,24,1179000,329000,850000,465940.0,399910.0,66030.0,86133be3f8c437254eec763337624c6c85a7ce5db13e0827f814992911635631,
2026-07-15T18:24:00+08:00,2026-07-15,9316,華南永昌淡水,華南淡水,OK,4,4,25000,1000,24000,16710.0,1500.0,15210.0,d2a6649b8f3aba6ea927ad5393e5b839e635f5366a62d73acbc0597502d397cb,
2026-07-15T18:24:00+08:00,2026-07-15,9343,華南永昌頭份,華南頭份,OK,6,6,303000,228000,75000,212880.0,287280.0,-74400.0,7265099ddffb12adf059e8c45f4e364db75a2f58e03efe7baede9186d0222472,
2026-07-15T18:24:00+08:00,2026-07-15,9337,華南永昌內壢,華南內壢,OK,12,9,142000,196000,-54000,135660.0,136250.0,-590.0,c822013678c1192d1479c2d78f654180fbade45be375918e520e2e00e84eaae6,
2026-07-15T18:24:00+08:00,2026-07-15,6480,福邦證券,福邦,OK,2,1,999000,0,999000,699530.0,0.0,699530.0,c7eaf7e2649c9e8ece7c358d8c0e2ab4c90276598067e3fd9d57823e7b751d0c,
2026-07-15T18:24:00+08:00,2026-07-15,9135,群益東大,群益東大,OK,13,11,105000,122000,-17000,103750.0,195060.0,-91310.0,767101995a34e3a260cfc404c71bcfafacd9c7159a9c394faddcbb170d6c35d9,
2026-07-15T18:24:00+08:00,2026-07-15,918C,群益金鼎古亭,群益古亭,OK,13,9,233000,265000,-32000,305140.0,341940.0,-36800.0,191e1f1f8ecb8643d79ad9dc121e02987e251908fe0b6a6a11700fb7a2034049,
2026-07-15T18:24:00+08:00,2026-07-15,9186,群益金鼎新竹,群益新竹,OK,28,15,392000,53000,339000,388240.0,20230.0,368010.0,38918423532c7fbb1682a52ed24c350d7a6175f2e21f7b463498115c468ba8bc,
2026-07-15T18:24:00+08:00,2026-07-15,9867,元大內湖民權,元大民權,OK,20,15,263000,148000,115000,287610.0,352340.0,-64730.0,7cddd086af8e6b7fe1345abefcebb6081cbc05c95142b3c9849172d31e75ddcf,
2026-07-15T18:24:00+08:00,2026-07-15,9853,元大南屯,元大南屯,OK,60,50,128000,279000,-151000,117780.0,346090.0,-228310.0,59747202ef32a717e9176cd15499436f97714d5109b1619e818cdeeb7244194a,
2026-07-15T18:24:00+08:00,2026-07-15,989Q,元大汐止,元大汐止,OK,30,21,229000,1209000,-980000,315240.0,1538010.0,-1222770.0,61584405675e1f3eba30faf0833aa9278892632013b512cee3e77ba42b133b78,
2026-07-15T18:24:00+08:00,2026-07-15,980l,元大虎尾,元大虎尾,OK,17,14,117000,57000,60000,152940.0,67650.0,85290.0,789e0062c9454845e9673181ba50dba5f5659bf90f8cf88ec0701f55d2dcb1e8,
2026-07-15T18:24:00+08:00,2026-07-15,989f,元大東港,元大東港,OK,8,7,115000,22000,93000,164620.0,15020.0,149600.0,7b9412661d1799be6f24f81fd8993cb247d8dfe7f354900256e94195152d0c33,
2026-07-15T18:24:00+08:00,2026-07-15,989a,元大苑裡,元大苑裡,OK,18,15,874000,204000,670000,804330.0,358220.0,446110.0,70def105eda12bdf3847769b63ed8075e9fa20bc54a5ce109501f7e16a61881b,
2026-07-15T18:24:00+08:00,2026-07-15,989J,元大彰化民生,元大彰生,OK,45,28,736000,397000,339000,1152920.0,2217770.0,-1064850.0,3731f520b5810c242998b6de7fd44704ce5fb24729a697e7958b3476bace1a31,
2026-07-15T18:24:00+08:00,2026-07-15,700B,兆豐板橋,兆豐板橋,OK,17,7,1668000,810000,858000,2317280.0,759750.0,1557530.0,0f169ff2532797d4c7d284a8010c466f3e06d3e90a7fb50a9c3eb4708567dde7,
2026-07-15T18:24:00+08:00,2026-07-15,9238,凱基士林,凱基士林,OK,39,26,4916000,436000,4480000,3443270.0,527870.0,2915400.0,74f06b5b7e52963e8df413db626119ddcb6376192db22d18a8f311c04701fffe,
2026-07-15T18:24:00+08:00,2026-07-15,9237,凱基敦北,凱基敦北,OK,5,5,11000,50000,-39000,7200.0,149100.0,-141900.0,af0b3e38d0789ebf8ca3bce14e5f3d7531b868ff20dd121824f943bb1159eb83,
2026-07-15T18:24:00+08:00,2026-07-15,9229,凱基中山,凱基中山,OK,4,4,31000,5000,26000,52350.0,11100.0,41250.0,5f7da90b4a5d7d590ed5b24a48f4a750b832b5e48331b9b4068ebd614ce89543,
2026-07-15T18:24:00+08:00,2026-07-15,920H,凱基基隆,凱基基隆,OK,8,8,212000,44000,168000,92300.0,131050.0,-38750.0,1527832c6dc5c67a47783fb1c1819c73199edddb19ebcf4d19da247a2d085269,
2026-07-15T18:24:00+08:00,2026-07-15,9211,凱基台南,凱基台南,OK,39,31,405000,122000,283000,458550.0,278510.0,180040.0,07a051b1676e47a738f228911d78955c05c9587216509cec10efd9b904f1b9e7,
2026-07-15T18:24:00+08:00,2026-07-15,779c,國票敦北法人,國票敦北,OK,10,10,22000,39000,-17000,25300.0,55150.0,-29850.0,23b906f9bf4cb0fd863d0220fb1390b043a1a4664757872e49caa9f6b0f11359,
2026-07-15T18:24:00+08:00,2026-07-15,585Q,統一三多,統一三多,OK,48,24,858000,2030000,-1172000,1352830.0,3008490.0,-1655660.0,810159b825534676e9ab6ffe18fe9a32f3f5fd3970b0b766685d6cd6942f797d,
2026-07-15T18:24:00+08:00,2026-07-15,585Y,統一土城,統一土城,OK,4,4,40000,0,40000,16350.0,0.0,16350.0,f0f2ee1e091c3147904027004836df760c72c5ab7d44b788feac5fa0d5cc0bb6,
2026-07-15T18:24:00+08:00,2026-07-15,5853,統一中壢,統一中壢,OK,9,6,80000,4000,76000,104920.0,24980.0,79940.0,4c9a8692bb7956c0a516616bea487f9165348707695458ce576e22d4605bd3b2,
2026-07-15T18:24:00+08:00,2026-07-15,538Y,第一金中壢,第一中壢,OK,42,23,123000,89000,34000,228480.0,103780.0,124700.0,c53eebb75c64abbe7bd6b7ca9f9c7d614c15ffb23e5a64b624a9bd63be3b953c,
2026-07-15T18:24:00+08:00,2026-07-15,6114,台中銀員林,中銀員林,OK,8,7,102000,93000,9000,177360.0,79350.0,98010.0,4839d679997a45129bbe762915dd5f0722281ae44f17add2ecef6f7bfe974e0f,
2026-07-15T18:24:00+08:00,2026-07-15,6381,光和溪湖,光和溪湖,OK,6,5,54000,10000,44000,45700.0,16200.0,29500.0,2bf100d244ea2460f5af0b9baf6a221294317d455af6a39dade40b46af2c6b74,
2026-07-15T18:24:00+08:00,2026-07-15,111B,台灣企銀建成,台灣企銀-建成,NO_DATA,0,0,0,0,0,0.0,0.0,0.0,,
2026-07-15T18:30:54+08:00,2026-07-15,961F,富邦公益,富邦公益,OK,29,25,577000,130000,447000,1417660.0,74700.0,1342960.0,484788d9983747df612dbd5d8bb142cf91ac90744488a0aad17057400402508b,
2026-07-15T18:30:54+08:00,2026-07-15,9663,富邦敦南,富邦敦南,OK,43,31,841000,2488000,-1647000,679830.0,1816240.0,-1136410.0,355d359d869dfa04cd271a096f55a534fd711e6791d588de3b92537d1b95fe1c,
2026-07-15T18:30:54+08:00,2026-07-15,9676,富邦仁愛,富邦仁愛,OK,49,35,169000,884000,-715000,207660.0,2436060.0,-2228400.0,efb72151606b755025dd1c29603aaf7a3b14d0ef673580aebb4a3f99b7210dfe,
2026-07-15T18:30:54+08:00,2026-07-15,8560,新光,新光,OK,222,156,2717000,2193000,524000,3427540.0,2316780.0,1110760.0,9e377e3b2ded6b9ac83bfe62c0fda0f33677df89d87b7fe7d38caa213b5faa8b,
2026-07-15T18:30:54+08:00,2026-07-15,9A9g,永豐金內湖,永豐內湖,OK,24,20,710000,450000,260000,833920.0,319200.0,514720.0,fc1c732d634eaf88ba58cc1a24eff86d7146cec782fa48b7cdcc8bbbb02e39d6,
2026-07-15T18:30:54+08:00,2026-07-15,9A9P,永豐金竹北,永豐竹北,OK,59,34,974000,625000,349000,1267750.0,1302760.0,-35010.0,fabc84015967d5b58c2b4f6989f0a0ea3934e178064361ab803b659984fb19ce,
2026-07-15T18:30:54+08:00,2026-07-15,9A9X,永豐金竹科,永豐竹科,OK,80,58,459000,149000,310000,728840.0,306590.0,422250.0,fc33a2c7f838456b69dcd8c3f0252c322db4bb26c4126eef2bf3cdb1f86482e6,
2026-07-15T18:30:54+08:00,2026-07-15,9A9W,永豐金市政,永豐市政,OK,91,76,477000,311000,166000,652580.0,358870.0,293710.0,93028de62b035a2ee67ed062b72883d8fc4d86414fb69a47b836df8a2ce76848,
2026-07-15T18:30:54+08:00,2026-07-15,9A9R,永豐金信義,永豐金信義,OK,6,4,70000,60000,10000,29300.0,111000.0,-81700.0,ed93ec382469bb8607ce88373e5dfaffc6d2ea6fb6907327051b31f0945c264c,
2026-07-15T18:30:54+08:00,2026-07-15,9302,華南永昌台中,華南台中,OK,27,24,1179000,329000,850000,465940.0,399910.0,66030.0,86133be3f8c437254eec763337624c6c85a7ce5db13e0827f814992911635631,
2026-07-15T18:30:54+08:00,2026-07-15,9316,華南永昌淡水,華南淡水,OK,5,5,25000,7000,18000,16710.0,2460.0,14250.0,2280c68016c347acda0dfeb93e3650aa0ca1a600033a6735387b6321c970060b,
2026-07-15T18:30:54+08:00,2026-07-15,9343,華南永昌頭份,華南頭份,OK,6,6,303000,228000,75000,212880.0,287280.0,-74400.0,7265099ddffb12adf059e8c45f4e364db75a2f58e03efe7baede9186d0222472,
2026-07-15T18:30:54+08:00,2026-07-15,9337,華南永昌內壢,華南內壢,OK,14,10,152000,196000,-44000,141690.0,136250.0,5440.0,ff41c74e76d3d705796b3465a63faad442f7a157de94e6b1a4964494f7ccdabb,
2026-07-15T18:30:54+08:00,2026-07-15,6480,福邦證券,福邦,OK,2,1,999000,0,999000,699530.0,0.0,699530.0,c7eaf7e2649c9e8ece7c358d8c0e2ab4c90276598067e3fd9d57823e7b751d0c,
2026-07-15T18:30:54+08:00,2026-07-15,9135,群益東大,群益東大,OK,15,13,137000,122000,15000,117830.0,195060.0,-77230.0,6e57a653acb6347663c60bd942c3bb86413f10c74f952a66a8e3ccf4afbdeac4,
2026-07-15T18:30:54+08:00,2026-07-15,918C,群益金鼎古亭,群益古亭,OK,16,11,237000,465000,-228000,310480.0,501940.0,-191460.0,2475c40092034dfc82f5c16142e0e250997ada77b3c2f6f7fb6846fd81c7cab5,
2026-07-15T18:30:54+08:00,2026-07-15,9186,群益金鼎新竹,群益新竹,OK,35,18,402000,82000,320000,394660.0,25980.0,368680.0,8d7eecab8a66d1a71885129dba2ed1a8393b92e35d7234a50a35b2ec928bf151,
2026-07-15T18:30:54+08:00,2026-07-15,9867,元大內湖民權,元大民權,OK,23,18,315000,149000,166000,338110.0,353040.0,-14930.0,c74a0035b4f427e1f764ef8d854771518d49b6c2adb9bc1022b509391263c174,
2026-07-15T18:30:54+08:00,2026-07-15,9853,元大南屯,元大南屯,OK,66,54,221000,292000,-71000,243390.0,353910.0,-110520.0,3a79ba8730d993c6e2cd6f2cce41c45b9b093df1daa997fa8faf3d782afcba64,
2026-07-15T18:30:54+08:00,2026-07-15,989Q,元大汐止,元大汐止,OK,31,22,260000,1209000,-949000,321440.0,1538010.0,-1216570.0,1dc19130ad62d116e0c8e2fd30b7754623bda554614e2ab150a5f8bec3407d08,
2026-07-15T18:30:54+08:00,2026-07-15,980l,元大虎尾,元大虎尾,OK,19,16,123000,58000,65000,188040.0,72450.0,115590.0,08dec44d26641d310832091244d18d244bdc7e36ddf925df7d0145f5625fd992,
2026-07-15T18:30:54+08:00,2026-07-15,989f,元大東港,元大東港,OK,8,7,115000,22000,93000,164620.0,15020.0,149600.0,7b9412661d1799be6f24f81fd8993cb247d8dfe7f354900256e94195152d0c33,
2026-07-15T18:30:54+08:00,2026-07-15,989a,元大苑裡,元大苑裡,OK,21,16,875000,206000,669000,806600.0,362880.0,443720.0,f4319531ca236838c28528ffa67fedea5c8f019df0bbe201625c51be7fe670be,
2026-07-15T18:30:54+08:00,2026-07-15,989J,元大彰化民生,元大彰生,OK,49,30,738000,424000,314000,1154860.0,2271430.0,-1116570.0,f2ae2581f9bd3847cdae2311ea15812f10159106a70872b1ebf9ccd7010a2aa5,
2026-07-15T18:30:54+08:00,2026-07-15,700B,兆豐板橋,兆豐板橋,OK,17,7,1668000,810000,858000,2317280.0,759750.0,1557530.0,0f169ff2532797d4c7d284a8010c466f3e06d3e90a7fb50a9c3eb4708567dde7,
2026-07-15T18:30:54+08:00,2026-07-15,9238,凱基士林,凱基士林,OK,41,28,4916000,449000,4467000,3443270.0,591270.0,2852000.0,71e776980d58d8f3bb21651ed134aa50243ae33e0c3dfc1026d8dff66a627886,
2026-07-15T18:30:54+08:00,2026-07-15,9237,凱基敦北,凱基敦北,OK,6,6,21000,50000,-29000,20200.0,149100.0,-128900.0,fd9e8383e8ffee44a976ba38dde4f862b2554e907d4e292b27e678f2283ba26c,
2026-07-15T18:30:54+08:00,2026-07-15,9229,凱基中山,凱基中山,OK,6,5,51000,5000,46000,63250.0,11100.0,52150.0,f7dd688634a7ae3fad996410e9985717e2bf6cd1e6ec4108b77cabcbcd22fee7,
2026-07-15T18:30:54+08:00,2026-07-15,920H,凱基基隆,凱基基隆,OK,8,8,212000,44000,168000,92300.0,131050.0,-38750.0,1527832c6dc5c67a47783fb1c1819c73199edddb19ebcf4d19da247a2d085269,
2026-07-15T18:30:54+08:00,2026-07-15,9211,凱基台南,凱基台南,OK,41,33,430000,122000,308000,479950.0,278510.0,201440.0,07ca4c02f6b0caf9b7726ab61614b8ea8359053ae1a751243fd0b583277ea3c1,
2026-07-15T18:30:54+08:00,2026-07-15,779c,國票敦北法人,國票敦北,OK,11,11,27000,39000,-12000,28850.0,55150.0,-26300.0,c6adccc6bf1df82540247bef60d29bd56ab9105ec59363f58a5b3d82a1052f5d,
2026-07-15T18:30:54+08:00,2026-07-15,585Q,統一三多,統一三多,OK,51,26,859000,2080000,-1221000,1355280.0,3071490.0,-1716210.0,2cb4b4fe2bee5a69f9fe20fdf87c0c29f83a8979f8d37acaee2b64c6e6f4493d,
2026-07-15T18:30:54+08:00,2026-07-15,585Y,統一土城,統一土城,OK,5,5,50000,0,50000,34650.0,0.0,34650.0,2f6400d17a88bf093cc1aa3ba816fc00fed1729fa2b3a25468549c3c0bb876e1,
2026-07-15T18:30:54+08:00,2026-07-15,5853,統一中壢,統一中壢,OK,9,6,80000,4000,76000,104920.0,24980.0,79940.0,4c9a8692bb7956c0a516616bea487f9165348707695458ce576e22d4605bd3b2,
2026-07-15T18:30:54+08:00,2026-07-15,538Y,第一金中壢,第一中壢,OK,50,27,169000,127000,42000,275290.0,132520.0,142770.0,5e541e0c2736aee28adffa1bf9ff738dffe2a79b7b2d7aaab6c7c001e294e4ce,
2026-07-15T18:30:54+08:00,2026-07-15,6114,台中銀員林,中銀員林,OK,9,8,108000,93000,15000,184020.0,79350.0,104670.0,2cbde6bd617c2d477c714754efcf86252ccfa0535e86eee8a0b506f2ae15831b,
2026-07-15T18:30:54+08:00,2026-07-15,6381,光和溪湖,光和溪湖,OK,6,5,54000,10000,44000,45700.0,16200.0,29500.0,2bf100d244ea2460f5af0b9baf6a221294317d455af6a39dade40b46af2c6b74,
2026-07-15T18:30:54+08:00,2026-07-15,111B,台灣企銀建成,台灣企銀-建成,NO_DATA,0,0,0,0,0,0.0,0.0,0.0,,
2026-07-15T18:40:53+08:00,2026-07-15,961F,富邦公益,富邦公益,OK,33,29,598000,135000,463000,1437570.0,77300.0,1360270.0,9a412765fdc3ccc23400d45a44059466b85494f3c8b5ef9036aa71628082c859,
2026-07-15T18:40:53+08:00,2026-07-15,9663,富邦敦南,富邦敦南,OK,46,34,844000,2541000,-1697000,682530.0,1846460.0,-1163930.0,51cba8a34af6a6bcda2893f7bbccf02a7204325de23d56b6eaa842169739833a,
2026-07-15T18:40:53+08:00,2026-07-15,9676,富邦仁愛,富邦仁愛,OK,54,39,295000,909000,-614000,293920.0,2473710.0,-2179790.0,dc192a3da510307fa2b22a274fd3c02f470c716b8333c1805705e2717130e6d1,
2026-07-15T18:40:53+08:00,2026-07-15,8560,新光,新光,OK,237,164,2773000,2447000,326000,3501340.0,2572760.0,928580.0,4a2ea317bdffd8136be2e4c83fa682d4ffb9538088c19635802734676f2c1564,
2026-07-15T18:40:53+08:00,2026-07-15,9A9g,永豐金內湖,永豐內湖,OK,28,23,727000,465000,262000,878930.0,359700.0,519230.0,0f5d786edcfb34046f49a04cd28d93ba4f0937ce74cbb7a89b4a5fc52a3fda84,
2026-07-15T18:40:53+08:00,2026-07-15,9A9P,永豐金竹北,永豐竹北,OK,64,36,990000,626000,364000,1306840.0,1303240.0,3600.0,827269b1afe4c0eab59ea57854af24b1a4aeb87a20701e2dcd760ce9a1c42d1d,
2026-07-15T18:40:53+08:00,2026-07-15,9A9X,永豐金竹科,永豐竹科,OK,94,64,550000,204000,346000,877450.0,380330.0,497120.0,a66cafd853098711caf425890888a3200ce1c2f9c17b0f497f30f1d283bef0ac,
2026-07-15T18:40:53+08:00,2026-07-15,9A9W,永豐金市政,永豐市政,OK,102,84,552000,402000,150000,826070.0,431500.0,394570.0,b0b36920cd39c0ceba03d31fa04139c5c5b265b7f76d5a93420b9f7777769b29,
2026-07-15T18:40:53+08:00,2026-07-15,9A9R,永豐金信義,永豐金信義,OK,6,4,70000,60000,10000,29300.0,111000.0,-81700.0,ed93ec382469bb8607ce88373e5dfaffc6d2ea6fb6907327051b31f0945c264c,
2026-07-15T18:40:53+08:00,2026-07-15,9302,華南永昌台中,華南台中,OK,32,27,1399000,329000,1070000,660640.0,399910.0,260730.0,220c4255c82f981556791ef11a871de893d9786e3b5ab798ef537ed3cc8a7801,
2026-07-15T18:40:53+08:00,2026-07-15,9316,華南永昌淡水,華南淡水,OK,5,5,25000,7000,18000,16710.0,2460.0,14250.0,2280c68016c347acda0dfeb93e3650aa0ca1a600033a6735387b6321c970060b,
2026-07-15T18:40:53+08:00,2026-07-15,9343,華南永昌頭份,華南頭份,OK,6,6,303000,228000,75000,212880.0,287280.0,-74400.0,7265099ddffb12adf059e8c45f4e364db75a2f58e03efe7baede9186d0222472,
2026-07-15T18:40:53+08:00,2026-07-15,9337,華南永昌內壢,華南內壢,OK,17,12,162000,206000,-44000,149490.0,153000.0,-3510.0,dd5a8c34cc6e7e48afabd148ce4f29d70cfd97fb58d66a4ad1caf4bc9070ba4a,
2026-07-15T18:40:53+08:00,2026-07-15,6480,福邦證券,福邦,OK,2,1,999000,0,999000,699530.0,0.0,699530.0,c7eaf7e2649c9e8ece7c358d8c0e2ab4c90276598067e3fd9d57823e7b751d0c,
2026-07-15T18:40:53+08:00,2026-07-15,9135,群益東大,群益東大,OK,20,18,155000,142000,13000,172270.0,223460.0,-51190.0,8a45e4dd4a685388f766e2750053123c84c7967c0a5d70387df53e7052da9e2f,
2026-07-15T18:40:53+08:00,2026-07-15,918C,群益金鼎古亭,群益古亭,OK,16,11,237000,465000,-228000,310480.0,501940.0,-191460.0,2475c40092034dfc82f5c16142e0e250997ada77b3c2f6f7fb6846fd81c7cab5,
2026-07-15T18:40:53+08:00,2026-07-15,9186,群益金鼎新竹,群益新竹,OK,39,20,412000,82000,330000,411540.0,25980.0,385560.0,3a8a6fb516ee0f64270ea84ff74d16e7288e35bec41f79524a630bbb6e258bbc,
2026-07-15T18:40:53+08:00,2026-07-15,9867,元大內湖民權,元大民權,OK,25,20,365000,150000,215000,360110.0,353630.0,6480.0,5b1c41e4e5a5c61a066f01b266711e2a14bca290abeed5754b1e0e9f6037edb8,
2026-07-15T18:40:53+08:00,2026-07-15,9853,元大南屯,元大南屯,OK,75,60,257000,345000,-88000,273100.0,428350.0,-155250.0,5f1c9b28bf4d3973c32512533523f46d5f73719b89699259ccf23a4e3a9e29bd,
2026-07-15T18:40:53+08:00,2026-07-15,989Q,元大汐止,元大汐止,OK,32,23,270000,1209000,-939000,330440.0,1538010.0,-1207570.0,32783eb2a01754d0d26160672d07f0c168ec0b35e5dd75613af66a0b8d5de290,
2026-07-15T18:40:53+08:00,2026-07-15,980l,元大虎尾,元大虎尾,OK,19,16,123000,58000,65000,188040.0,72450.0,115590.0,08dec44d26641d310832091244d18d244bdc7e36ddf925df7d0145f5625fd992,
2026-07-15T18:40:53+08:00,2026-07-15,989f,元大東港,元大東港,OK,12,8,195000,22000,173000,232610.0,15020.0,217590.0,36f5e18caf0b171d8c0e016535b0d8b725d4e7ec396041db94fa534fef9b3476,
2026-07-15T18:40:53+08:00,2026-07-15,989a,元大苑裡,元大苑裡,OK,23,17,907000,206000,701000,904500.0,362880.0,541620.0,d96567224021df692c487e89af000691fac1136ecfe3e62a9b5ef48ccd6dd745,
2026-07-15T18:40:53+08:00,2026-07-15,989J,元大彰化民生,元大彰生,OK,65,39,1169000,590000,579000,1683330.0,2562190.0,-878860.0,73b8fbc5e7b6568ea73702b5ff4e99bf31bdef8f8a72b18eb491525564123f10,
2026-07-15T18:40:53+08:00,2026-07-15,700B,兆豐板橋,兆豐板橋,OK,17,7,1668000,810000,858000,2317280.0,759750.0,1557530.0,0f169ff2532797d4c7d284a8010c466f3e06d3e90a7fb50a9c3eb4708567dde7,
2026-07-15T18:40:53+08:00,2026-07-15,9238,凱基士林,凱基士林,OK,43,30,4949000,449000,4500000,3489110.0,591270.0,2897840.0,01a71187d97f7c3d6127527c51cad1d3c293d0f5eda0733dc4246c1f9a2c72ba,
2026-07-15T18:40:53+08:00,2026-07-15,9237,凱基敦北,凱基敦北,OK,6,6,21000,50000,-29000,20200.0,149100.0,-128900.0,fd9e8383e8ffee44a976ba38dde4f862b2554e907d4e292b27e678f2283ba26c,
2026-07-15T18:40:53+08:00,2026-07-15,9229,凱基中山,凱基中山,OK,11,6,61000,52000,9000,73350.0,59330.0,14020.0,8d65481b0d3df03d5eff46c58bdac0d70a7d75a78a1e75e5a103d425f30a0cbd,
2026-07-15T18:40:53+08:00,2026-07-15,920H,凱基基隆,凱基基隆,OK,12,10,243000,44000,199000,117840.0,131050.0,-13210.0,d12843a3fdc9fed722f437bd79c2ea843392d0831f42c502fcf44273f3374127,
2026-07-15T18:40:53+08:00,2026-07-15,9211,凱基台南,凱基台南,OK,45,37,475000,152000,323000,508350.0,291110.0,217240.0,dbe0212c42fc614841c6b2ca6f621e5dcb25f6f624c8d02d622d8d1bf0e3b51a,
2026-07-15T18:40:53+08:00,2026-07-15,779c,國票敦北法人,國票敦北,OK,15,14,32000,42000,-10000,30200.0,57660.0,-27460.0,992c3d19fb43e07982cfb814bc8a1cbb002a0187a883fbc1586066af2f480f67,
2026-07-15T18:40:53+08:00,2026-07-15,585Q,統一三多,統一三多,OK,61,31,884000,2155000,-1271000,1383530.0,3155340.0,-1771810.0,4868bafde7ffb1f6604d96e5725b76edc27aad67d58e27f3cbc5fa53659cb208,
2026-07-15T18:40:53+08:00,2026-07-15,585Y,統一土城,統一土城,OK,5,5,50000,0,50000,34650.0,0.0,34650.0,2f6400d17a88bf093cc1aa3ba816fc00fed1729fa2b3a25468549c3c0bb876e1,
2026-07-15T18:40:53+08:00,2026-07-15,5853,統一中壢,統一中壢,OK,9,6,80000,4000,76000,104920.0,24980.0,79940.0,4c9a8692bb7956c0a516616bea487f9165348707695458ce576e22d4605bd3b2,
2026-07-15T18:40:53+08:00,2026-07-15,538Y,第一金中壢,第一中壢,OK,56,32,192000,132000,60000,310220.0,149410.0,160810.0,2bf116812cc85f1ba7773213f32c75a194f0a5433d2b686ec4541eef96d6de71,
2026-07-15T18:40:53+08:00,2026-07-15,6114,台中銀員林,中銀員林,OK,9,8,108000,93000,15000,184020.0,79350.0,104670.0,2cbde6bd617c2d477c714754efcf86252ccfa0535e86eee8a0b506f2ae15831b,
2026-07-15T18:40:53+08:00,2026-07-15,6381,光和溪湖,光和溪湖,OK,6,5,54000,10000,44000,45700.0,16200.0,29500.0,2bf100d244ea2460f5af0b9baf6a221294317d455af6a39dade40b46af2c6b74,
2026-07-15T18:40:53+08:00,2026-07-15,111B,台灣企銀建成,台灣企銀-建成,NO_DATA,0,0,0,0,0,0.0,0.0,0.0,,
2026-07-15T18:50:53+08:00,2026-07-15,961F,富邦公益,富邦公益,OK,35,31,601000,155000,446000,1440690.0,94700.0,1345990.0,912a4e7347bf0201d622fcb1d956ba3088df38740c1fe560fe5fadac86e8e1ea,
2026-07-15T18:50:53+08:00,2026-07-15,9663,富邦敦南,富邦敦南,OK,48,36,849000,2552000,-1703000,686080.0,1856800.0,-1170720.0,50fb6a9af7a28878b5ce3ee26ad7d34a1daac22e8018ed9120c6dced23c7e19b,
2026-07-15T18:50:53+08:00,2026-07-15,9676,富邦仁愛,富邦仁愛,OK,61,45,321000,1059000,-738000,314720.0,2647130.0,-2332410.0,8cf65817c0846e0e2d532d28a47bbe7cae2f5e4939993e4e1bc5c229057a5068,
2026-07-15T18:50:53+08:00,2026-07-15,8560,新光,新光,OK,254,174,2880000,2571000,309000,3698580.0,2729620.0,968960.0,cdc594821126f70a02ee42baddfcf7eadc83ef8b6158fd24ba0728b5afaea35d,
2026-07-15T18:50:53+08:00,2026-07-15,9A9g,永豐金內湖,永豐內湖,OK,28,23,727000,465000,262000,878930.0,359700.0,519230.0,0f5d786edcfb34046f49a04cd28d93ba4f0937ce74cbb7a89b4a5fc52a3fda84,
2026-07-15T18:50:53+08:00,2026-07-15,9A9P,永豐金竹北,永豐竹北,OK,70,40,1121000,726000,395000,1629710.0,1406240.0,223470.0,65f0f7e53f8cac89c6570e36ee478b24067c9e9073c201181e002de5af366985,
2026-07-15T18:50:53+08:00,2026-07-15,9A9X,永豐金竹科,永豐竹科,OK,103,67,585000,244000,341000,930020.0,459530.0,470490.0,41f1307eafc3a4a791f4b31df39dd8376a5d7a5f42712b3f87157d6ec305abad,
2026-07-15T18:50:53+08:00,2026-07-15,9A9W,永豐金市政,永豐市政,OK,117,97,684000,496000,188000,1000850.0,526620.0,474230.0,7161d88691800781f518d328ce2ad342a617fcbf91e47509d972a20221edccf0,
2026-07-15T18:50:53+08:00,2026-07-15,9A9R,永豐金信義,永豐信義,OK,7,5,170000,60000,110000,141300.0,111000.0,30300.0,12d47114b317f9d87731d75053274e858e288d4652b6750f6ae8a72a48c5753b,
2026-07-15T18:50:53+08:00,2026-07-15,9302,華南永昌台中,華南台中,OK,36,30,1411000,529000,882000,680290.0,697910.0,-17620.0,399c8f09716ce9f11c54264dc5b47a0a2ade7d980ffff44b9033de07f213c374,
2026-07-15T18:50:53+08:00,2026-07-15,9316,華南永昌淡水,華南淡水,OK,5,5,25000,7000,18000,16710.0,2460.0,14250.0,2280c68016c347acda0dfeb93e3650aa0ca1a600033a6735387b6321c970060b,
2026-07-15T18:50:53+08:00,2026-07-15,9343,華南永昌頭份,華南頭份,OK,6,6,303000,228000,75000,212880.0,287280.0,-74400.0,7265099ddffb12adf059e8c45f4e364db75a2f58e03efe7baede9186d0222472,
2026-07-15T18:50:53+08:00,2026-07-15,9337,華南永昌內壢,華南內壢,OK,21,14,202000,206000,-4000,181190.0,153000.0,28190.0,53af5121a1b274c1447c7b07b2a5c252e44009f68750089c313793adf9dab97e,
2026-07-15T18:50:53+08:00,2026-07-15,6480,福邦證券,福邦,OK,2,1,999000,0,999000,699530.0,0.0,699530.0,c7eaf7e2649c9e8ece7c358d8c0e2ab4c90276598067e3fd9d57823e7b751d0c,
2026-07-15T18:50:53+08:00,2026-07-15,9135,群益東大,群益東大,OK,24,20,175000,182000,-7000,183470.0,258360.0,-74890.0,77e05b8c54836a0339295720ac22ebcaae16b4803e1b64c33c083f91d09e7d44,
2026-07-15T18:50:53+08:00,2026-07-15,918C,群益金鼎古亭,群益古亭,OK,16,11,237000,465000,-228000,310480.0,501940.0,-191460.0,2475c40092034dfc82f5c16142e0e250997ada77b3c2f6f7fb6846fd81c7cab5,
2026-07-15T18:50:53+08:00,2026-07-15,9186,群益金鼎新竹,群益新竹,OK,40,21,413000,82000,331000,412160.0,25980.0,386180.0,f52da34df3de2b05e80c27c96952b4f6a5bda592575e1ff7aca450bc9cbefd74,
2026-07-15T18:50:53+08:00,2026-07-15,9867,元大內湖民權,元大民權,OK,26,21,365000,200000,165000,360110.0,377630.0,-17520.0,f7371fc58eaf2715a95664f8e62caa5059981c1f1fc17c25a1c0cc523334a784,
2026-07-15T18:50:53+08:00,2026-07-15,9853,元大南屯,元大南屯,OK,80,64,309000,361000,-52000,300390.0,441540.0,-141150.0,7de5724f394c4da945955ce726656622068dfa28dfd188bc9982a8c026443883,
2026-07-15T18:50:53+08:00,2026-07-15,989Q,元大汐止,元大汐止,OK,35,25,320000,1209000,-889000,392940.0,1538010.0,-1145070.0,71eee0d2723ede46fe6067477eac6acb39be8b42bf7cdaa8b988dc6f86269e3c,
2026-07-15T18:50:53+08:00,2026-07-15,980l,元大虎尾,元大虎尾,OK,22,19,326000,59000,267000,311670.0,73940.0,237730.0,ee63b384aecf6162ed1392266cafde0a39a37107ce07a57cb17f81c61e154cae,
2026-07-15T18:50:53+08:00,2026-07-15,989f,元大東港,元大東港,OK,13,9,195000,24000,171000,232610.0,17280.0,215330.0,b0126cfd8ee71d4397eea9064bb08779200d35640c2cdc868fbe5094fcb6940a,
2026-07-15T18:50:53+08:00,2026-07-15,989a,元大苑裡,元大苑裡,OK,28,19,1057000,461000,596000,1087500.0,807980.0,279520.0,9e52f0e5c52c9c446329a17e571f635c539752157987bb8e90b771c265c7bc87,
2026-07-15T18:50:53+08:00,2026-07-15,989J,元大彰化民生,元大彰生,OK,68,42,1219000,656000,563000,1798330.0,2670830.0,-872500.0,c1773ae5999cd3764237510f07ff71c557e935d94ac9b8255b72c3932f6fb54c,
2026-07-15T18:50:53+08:00,2026-07-15,700B,兆豐板橋,兆豐板橋,OK,17,7,1668000,810000,858000,2317280.0,759750.0,1557530.0,0f169ff2532797d4c7d284a8010c466f3e06d3e90a7fb50a9c3eb4708567dde7,
2026-07-15T18:50:53+08:00,2026-07-15,9238,凱基士林,凱基士林,OK,44,31,4951000,449000,4502000,3497950.0,591270.0,2906680.0,752e684eb7b8e982cc1e9c512eb1c560b68145a3fb560345ed5b88aebb7c0229,
2026-07-15T18:50:53+08:00,2026-07-15,9237,凱基敦北,凱基敦北,OK,6,6,21000,50000,-29000,20200.0,149100.0,-128900.0,fd9e8383e8ffee44a976ba38dde4f862b2554e907d4e292b27e678f2283ba26c,
2026-07-15T18:50:53+08:00,2026-07-15,9229,凱基中山,凱基中山,OK,11,6,61000,52000,9000,73350.0,59330.0,14020.0,8d65481b0d3df03d5eff46c58bdac0d70a7d75a78a1e75e5a103d425f30a0cbd,
2026-07-15T18:50:53+08:00,2026-07-15,920H,凱基基隆,凱基基隆,OK,14,12,263000,47000,216000,141840.0,134440.0,7400.0,21996ef76b281bdc8de625ce8d09313f05c24b62ec71a5974821531aaf518cd9,
2026-07-15T18:50:53+08:00,2026-07-15,9211,凱基台南,凱基台南,OK,47,39,490000,152000,338000,524150.0,291110.0,233040.0,68fcc0cea0067bc9bd38964d516be30d04eb560f7d73163480d4be29e6dafb95,
2026-07-15T18:50:53+08:00,2026-07-15,779c,國票敦北法人,國票敦北,OK,15,14,32000,42000,-10000,30200.0,57660.0,-27460.0,992c3d19fb43e07982cfb814bc8a1cbb002a0187a883fbc1586066af2f480f67,
2026-07-15T18:50:53+08:00,2026-07-15,585Q,統一三多,統一三多,OK,63,33,1134000,2155000,-1021000,2118030.0,3155340.0,-1037310.0,df0f2eab344d4dd5726f01d06d8f3fea9443c207c05a705f2fff1d400b6cc531,
2026-07-15T18:50:53+08:00,2026-07-15,585Y,統一土城,統一土城,OK,5,5,50000,0,50000,34650.0,0.0,34650.0,2f6400d17a88bf093cc1aa3ba816fc00fed1729fa2b3a25468549c3c0bb876e1,
2026-07-15T18:50:53+08:00,2026-07-15,5853,統一中壢,統一中壢,OK,10,7,85000,4000,81000,119220.0,24980.0,94240.0,57cab04caf49d483b75605e38bc30c542c6324a51c83d1b53c7767c1965036e2,
2026-07-15T18:50:53+08:00,2026-07-15,538Y,第一金中壢,第一中壢,OK,57,33,192000,133000,59000,310220.0,157660.0,152560.0,78a0cf857b90ea9c75ac1f8349d941a7b1ce70310162e54298f8973de02b144b,
2026-07-15T18:50:53+08:00,2026-07-15,6114,台中銀員林,中銀員林,OK,9,8,108000,93000,15000,184020.0,79350.0,104670.0,2cbde6bd617c2d477c714754efcf86252ccfa0535e86eee8a0b506f2ae15831b,
2026-07-15T18:50:53+08:00,2026-07-15,6381,光和溪湖,光和溪湖,OK,6,5,54000,10000,44000,45700.0,16200.0,29500.0,2bf100d244ea2460f5af0b9baf6a221294317d455af6a39dade40b46af2c6b74,
2026-07-15T18:50:53+08:00,2026-07-15,111B,台灣企銀建成,台灣企銀-建成,NO_DATA,0,0,0,0,0,0.0,0.0,0.0,,
2026-07-15T19:00:54+08:00,2026-07-15,961F,富邦公益,富邦公益,OK,37,33,623000,155000,468000,1475720.0,94700.0,1381020.0,90bf81b013a681db459993adf6791007b1a45db6c12bce34cbd54217e4849c14,
2026-07-15T19:00:54+08:00,2026-07-15,9663,富邦敦南,富邦敦南,OK,53,40,854000,2602000,-1748000,690730.0,1918610.0,-1227880.0,965f2b1518921a639d6af20001f4eeb87e0a3c99766b781ce27c9b2bf0be552f,
2026-07-15T19:00:54+08:00,2026-07-15,9676,富邦仁愛,富邦仁愛,OK,64,48,326000,1069000,-743000,321820.0,2656230.0,-2334410.0,0dc929681ad6d5599c64b1aa5f61f0dc9f74471dd8944efb18b2c6b4a8cd2e0a,
2026-07-15T19:00:54+08:00,2026-07-15,8560,新光,新光,OK,281,190,3283000,2769000,514000,4000710.0,2964290.0,1036420.0,dd0f07a4904a52bf64678e4bed6445cc0189699b853647e0e29bd83b4c145d37,
2026-07-15T19:00:54+08:00,2026-07-15,9A9g,永豐金內湖,永豐內湖,OK,30,25,728000,467000,261000,879280.0,362260.0,517020.0,17ba2011584b0b635aad9fd420cc43b37cb1bb5d30c35586837e554a90cba3b9,
2026-07-15T19:00:54+08:00,2026-07-15,9A9P,永豐金竹北,永豐竹北,OK,72,42,1123000,766000,357000,1632490.0,1471440.0,161050.0,74fc2ae1fa3b79d285f5d77048bb9b67ad2460d286fd344073602caff6c1069d,
2026-07-15T19:00:54+08:00,2026-07-15,9A9X,永豐金竹科,永豐竹科,OK,114,75,673000,259000,414000,1021110.0,473830.0,547280.0,c0816f06dc275641454a1443a04cf3f132266bb69919995098c32f79c1f9b6c5,
2026-07-15T19:00:54+08:00,2026-07-15,9A9W,永豐金市政,永豐市政,OK,122,102,719000,496000,223000,1026600.0,526620.0,499980.0,67a3f51fb0e7739584c6e8a559a20c05c46ac776007897a146d50b334e2abf21,
2026-07-15T19:00:54+08:00,2026-07-15,9A9R,永豐金信義,永豐信義,OK,7,5,170000,60000,110000,141300.0,111000.0,30300.0,12d47114b317f9d87731d75053274e858e288d4652b6750f6ae8a72a48c5753b,
2026-07-15T19:00:54+08:00,2026-07-15,9302,華南永昌台中,華南台中,OK,40,34,1412000,547000,865000,681330.0,709950.0,-28620.0,53ed33a405b5a4e90dad5cd3e9ada59eab060b0e16db58f585f4a4ee46b36bc9,
2026-07-15T19:00:54+08:00,2026-07-15,9316,華南永昌淡水,華南淡水,OK,6,6,40000,7000,33000,30510.0,2460.0,28050.0,eee5a15cbba0016f3b09d4f2afbee50b2345a40507527852680c97a0f90f963e,
2026-07-15T19:00:54+08:00,2026-07-15,9343,華南永昌頭份,華南頭份,OK,7,7,303000,235000,68000,212880.0,291270.0,-78390.0,0b8ac2bf7fc2205d0eb1b60b141f9307a80d693dd47b8802ee085dd76da56503,
2026-07-15T19:00:54+08:00,2026-07-15,9337,華南永昌內壢,華南內壢,OK,23,16,202000,217000,-15000,181190.0,172160.0,9030.0,c88ebc193eb8311d573ed75f3f674c8e04d728181c00e233cb63e4584d0aebe7,
2026-07-15T19:00:54+08:00,2026-07-15,6480,福邦證券,福邦,OK,2,1,999000,0,999000,699530.0,0.0,699530.0,c7eaf7e2649c9e8ece7c358d8c0e2ab4c90276598067e3fd9d57823e7b751d0c,
2026-07-15T19:00:54+08:00,2026-07-15,9135,群益東大,群益東大,OK,26,21,175000,184000,-9000,183470.0,259180.0,-75710.0,e8bfc2c487bdd15ca4e45eb03fa2d27f73c1ef3281dd5d05e9150812684370a3,
2026-07-15T19:00:54+08:00,2026-07-15,918C,群益金鼎古亭,群益古亭,OK,16,11,237000,465000,-228000,310480.0,501940.0,-191460.0,2475c40092034dfc82f5c16142e0e250997ada77b3c2f6f7fb6846fd81c7cab5,
2026-07-15T19:00:54+08:00,2026-07-15,9186,群益金鼎新竹,群益新竹,OK,44,24,443000,84000,359000,462160.0,28280.0,433880.0,8ed1a2d1bc669956247fad27bd49dd840eceabdc1a7a665722e29196688e8137,
2026-07-15T19:00:54+08:00,2026-07-15,9867,元大內湖民權,元大民權,OK,32,25,386000,246000,140000,379170.0,441490.0,-62320.0,1f0105f60b86094d9a6de1f7b9fc85e225938b65c9e69ad8e8959de3253aba01,
2026-07-15T19:00:54+08:00,2026-07-15,9853,元大南屯,元大南屯,OK,86,69,334000,369000,-35000,326790.0,447480.0,-120690.0,03af0d9f1c43575ba70d4952c85874e7a96fcb699d0d9527afc9f040b324a96b,
2026-07-15T19:00:54+08:00,2026-07-15,989Q,元大汐止,元大汐止,OK,38,28,327000,1259000,-932000,398160.0,1598010.0,-1199850.0,a00783f1d341050562e3fd97cf2bda9bb9a6d2d855897393bf031d96feefd5bd,
2026-07-15T19:00:54+08:00,2026-07-15,980l,元大虎尾,元大虎尾,OK,25,22,561000,60000,501000,541570.0,75340.0,466230.0,c6a70cad03a608e9667c2dd0ee43cbe1779ab7e5982875a3e3b676b4fdefac21,
2026-07-15T19:00:54+08:00,2026-07-15,989f,元大東港,元大東港,OK,14,10,198000,24000,174000,235910.0,17280.0,218630.0,29d0ba5ef561570beacedf040831e22b78773ca34de92df23940a8966aacea3c,
2026-07-15T19:00:54+08:00,2026-07-15,989a,元大苑裡,元大苑裡,OK,28,19,1057000,461000,596000,1087500.0,807980.0,279520.0,9e52f0e5c52c9c446329a17e571f635c539752157987bb8e90b771c265c7bc87,
2026-07-15T19:00:54+08:00,2026-07-15,989J,元大彰化民生,元大彰生,OK,68,42,1219000,656000,563000,1798330.0,2670830.0,-872500.0,c1773ae5999cd3764237510f07ff71c557e935d94ac9b8255b72c3932f6fb54c,
2026-07-15T19:00:54+08:00,2026-07-15,700B,兆豐板橋,兆豐板橋,OK,18,8,1688000,810000,878000,2343280.0,759750.0,1583530.0,2015eaea24147736d412f2953d17bf686d5b4284d87cfc7ab47a91bdde3fa2b1,
2026-07-15T19:00:54+08:00,2026-07-15,9238,凱基士林,凱基士林,OK,44,31,4951000,449000,4502000,3497950.0,591270.0,2906680.0,752e684eb7b8e982cc1e9c512eb1c560b68145a3fb560345ed5b88aebb7c0229,
2026-07-15T19:00:54+08:00,2026-07-15,9237,凱基敦北,凱基敦北,OK,7,7,21000,70000,-49000,20200.0,191100.0,-170900.0,c995ba27f5408f70d35e75f0d297e36c352f7fe3064216fe8a4b1281781dc2d0,
2026-07-15T19:00:54+08:00,2026-07-15,9229,凱基中山,凱基中山,OK,11,6,61000,52000,9000,73350.0,59330.0,14020.0,8d65481b0d3df03d5eff46c58bdac0d70a7d75a78a1e75e5a103d425f30a0cbd,
2026-07-15T19:00:54+08:00,2026-07-15,920H,凱基基隆,凱基基隆,OK,15,13,263000,88000,175000,141840.0,152890.0,-11050.0,a6bb6d11db07766c2f2728940f7a7c659ad3d1c23a66a4cb880a8f1f619aabbd,
2026-07-15T19:00:54+08:00,2026-07-15,9211,凱基台南,凱基台南,OK,51,41,490000,164000,326000,524150.0,316470.0,207680.0,561470eee28f22e6459a7182bb7390e6a199d6181b839591b1545234bb683633,
2026-07-15T19:00:54+08:00,2026-07-15,779c,國票敦北法人,國票敦北,OK,15,14,32000,42000,-10000,30200.0,57660.0,-27460.0,992c3d19fb43e07982cfb814bc8a1cbb002a0187a883fbc1586066af2f480f67,
2026-07-15T19:00:54+08:00,2026-07-15,585Q,統一三多,統一三多,OK,69,36,1135000,2181000,-1046000,2119030.0,3187400.0,-1068370.0,ff06f50598eeb2b6fcbe4e22498be74df0c5dadc3d3327e848c31b679b57346f,
2026-07-15T19:00:54+08:00,2026-07-15,585Y,統一土城,統一土城,OK,5,5,50000,0,50000,34650.0,0.0,34650.0,2f6400d17a88bf093cc1aa3ba816fc00fed1729fa2b3a25468549c3c0bb876e1,
2026-07-15T19:00:54+08:00,2026-07-15,5853,統一中壢,統一中壢,OK,10,7,85000,4000,81000,119220.0,24980.0,94240.0,57cab04caf49d483b75605e38bc30c542c6324a51c83d1b53c7767c1965036e2,
2026-07-15T19:00:54+08:00,2026-07-15,538Y,第一金中壢,第一中壢,OK,59,34,252000,133000,119000,446520.0,157660.0,288860.0,ee0eabf6b10a7418fa74544ac44006707217f7022684bee05f6a35e06826fa60,
2026-07-15T19:00:54+08:00,2026-07-15,6114,台中銀員林,中銀員林,OK,10,9,113000,93000,20000,188570.0,79350.0,109220.0,ac6354c0433c3ea6f76c0be45ae70704ece58dfac33553dd7806723eff9f3a7c,
2026-07-15T19:00:54+08:00,2026-07-15,6381,光和溪湖,光和溪湖,OK,6,5,54000,10000,44000,45700.0,16200.0,29500.0,2bf100d244ea2460f5af0b9baf6a221294317d455af6a39dade40b46af2c6b74,
2026-07-15T19:00:54+08:00,2026-07-15,111B,台灣企銀建成,台灣企銀-建成,NO_DATA,0,0,0,0,0,0.0,0.0,0.0,,
2026-07-15T19:10:53+08:00,2026-07-15,961F,富邦公益,富邦公益,OK,42,36,633000,314000,319000,1480020.0,238490.0,1241530.0,2399175ca1177b26d8eb2f22cf996e6811eeb6b5e7d1f174fe7683f953e60da1,
2026-07-15T19:10:53+08:00,2026-07-15,9663,富邦敦南,富邦敦南,OK,55,42,854000,2637000,-1783000,690730.0,1944910.0,-1254180.0,d42cd2fd15c8a98d19891cd6d3d9b251e8d051a1da189ec05ebe8853b2b9b1c7,
2026-07-15T19:10:53+08:00,2026-07-15,9676,富邦仁愛,富邦仁愛,OK,69,53,358000,1082000,-724000,351060.0,2667980.0,-2316920.0,2d39799065f0b4daf152374f47e2280eb2985389b6dde31ad27c49f30c9a16f1,
2026-07-15T19:10:53+08:00,2026-07-15,8560,新光,新光,OK,308,206,4541000,5326000,-785000,4784290.0,4340610.0,443680.0,5d84df669958608674744072c42e71fcdd2e75fc5c7c6e68bd7a5272a479bc2e,
2026-07-15T19:10:53+08:00,2026-07-15,9A9g,永豐金內湖,永豐內湖,OK,30,25,728000,467000,261000,879280.0,362260.0,517020.0,17ba2011584b0b635aad9fd420cc43b37cb1bb5d30c35586837e554a90cba3b9,
2026-07-15T19:10:53+08:00,2026-07-15,9A9P,永豐金竹北,永豐竹北,OK,80,46,1263000,889000,374000,1886090.0,1530280.0,355810.0,95c8c4faadebd87c3671e30c76ab331a0515e3d757a4da972b76a8d49b8631c1,
2026-07-15T19:10:53+08:00,2026-07-15,9A9X,永豐金竹科,永豐竹科,OK,116,77,723000,259000,464000,1146210.0,473830.0,672380.0,ce50106a75ee5fe3896738784cdda1a31c0edbe46f93e3931af9c9bc1be6500a,
2026-07-15T19:10:53+08:00,2026-07-15,9A9W,永豐金市政,永豐市政,OK,134,111,767000,571000,196000,1111140.0,580920.0,530220.0,1add96d1d79cb9bc27fc0352e7283dafb81a938fab77141e41c1088b73f8ca73,
2026-07-15T19:10:53+08:00,2026-07-15,9A9R,永豐金信義,永豐信義,OK,7,5,170000,60000,110000,141300.0,111000.0,30300.0,12d47114b317f9d87731d75053274e858e288d4652b6750f6ae8a72a48c5753b,
2026-07-15T19:10:53+08:00,2026-07-15,9302,華南永昌台中,華南台中,OK,44,38,1441000,597000,844000,702970.0,896950.0,-193980.0,34b16994155bc914e185400dd96ae46db6db0db8861fee1ef4685290aca7a73e,
2026-07-15T19:10:53+08:00,2026-07-15,9316,華南永昌淡水,華南淡水,OK,8,8,243000,7000,236000,295510.0,2460.0,293050.0,ce2f34a3a658c462d79a5e39edb255d1166b45296126cd73b364d64485f7dfed,
2026-07-15T19:10:53+08:00,2026-07-15,9343,華南永昌頭份,華南頭份,OK,7,7,303000,235000,68000,212880.0,291270.0,-78390.0,0b8ac2bf7fc2205d0eb1b60b141f9307a80d693dd47b8802ee085dd76da56503,
2026-07-15T19:10:53+08:00,2026-07-15,9337,華南永昌內壢,華南內壢,OK,26,18,212000,237000,-25000,201990.0,222360.0,-20370.0,9229f0df8a210e0e408c40fa70f15a749b5d4b2a81cb638bdec6b6ac0be546ff,
2026-07-15T19:10:53+08:00,2026-07-15,6480,福邦證券,福邦,OK,2,1,999000,0,999000,699530.0,0.0,699530.0,c7eaf7e2649c9e8ece7c358d8c0e2ab4c90276598067e3fd9d57823e7b751d0c,
2026-07-15T19:10:53+08:00,2026-07-15,9135,群益東大,群益東大,OK,32,25,175000,264000,-89000,183470.0,307580.0,-124110.0,cc7c820f6ee944bb02d6887f5d6c8a71f31bf9db805163fdd823c3a7635844fc,
2026-07-15T19:10:53+08:00,2026-07-15,918C,群益金鼎古亭,群益古亭,OK,19,13,237000,1065000,-828000,310480.0,1178440.0,-867960.0,a598c0150deb30a404c2fd9ffa47001e806a8ef1c27a1f505cc35468464aaa95,
2026-07-15T19:10:53+08:00,2026-07-15,9186,群益金鼎新竹,群益新竹,OK,47,27,449000,234000,215000,467960.0,422780.0,45180.0,dcf1a0503e7874cac93a8cbd5514cfa63e3ce37f74629a8bb0dd858b009540c3,
2026-07-15T19:10:53+08:00,2026-07-15,9867,元大內湖民權,元大民權,OK,34,27,386000,276000,110000,379170.0,583690.0,-204520.0,bcf62956d83b81700842009deb05122c6aa681740969edc6858fad9fd7a52a4d,
2026-07-15T19:10:53+08:00,2026-07-15,9853,元大南屯,元大南屯,OK,94,75,347000,411000,-64000,340110.0,515310.0,-175200.0,5f678cfee9cbed462363c42921071626effac254618f865cf340852aa691a8c3,
2026-07-15T19:10:53+08:00,2026-07-15,989Q,元大汐止,元大汐止,OK,41,31,364000,1269000,-905000,422070.0,1604110.0,-1182040.0,99d0bcb81572599a756d687a7cbcf3eb57be4d19f33c67a03de439fd94604061,
2026-07-15T19:10:53+08:00,2026-07-15,980l,元大虎尾,元大虎尾,OK,25,22,561000,60000,501000,541570.0,75340.0,466230.0,c6a70cad03a608e9667c2dd0ee43cbe1779ab7e5982875a3e3b676b4fdefac21,
2026-07-15T19:10:53+08:00,2026-07-15,989f,元大東港,元大東港,OK,17,13,208000,24000,184000,250970.0,17280.0,233690.0,d8abd3295a2352aadccc3506a3f63141b873f24c8c1da3d06d053b4ee9025ffc,
2026-07-15T19:10:53+08:00,2026-07-15,989a,元大苑裡,元大苑裡,OK,29,20,1060000,461000,599000,1089840.0,807980.0,281860.0,e0eafe0a91526b3b2e592105695469e3ed37a0659d1b8797dd128cb4f327939e,
2026-07-15T19:10:53+08:00,2026-07-15,989J,元大彰化民生,元大彰生,OK,82,46,1410000,700000,710000,2280140.0,2713950.0,-433810.0,d31cb05f3fbf0e9199c81bb155721d3f24d483326dc8f6f7386b7d67d966bafd,
2026-07-15T19:10:53+08:00,2026-07-15,700B,兆豐板橋,兆豐板橋,OK,19,9,1691000,810000,881000,2351320.0,759750.0,1591570.0,7264e67a6ceb88a4cad64a9baec2687f6582cd91b48f64375530e948f6b9b427,
2026-07-15T19:10:53+08:00,2026-07-15,9238,凱基士林,凱基士林,OK,48,33,5026000,456000,4570000,4438600.0,599120.0,3839480.0,cbac10bc481c93e97ac0a3585e81ce7ca0dcfc83785125e836d839ceb96c5987,
2026-07-15T19:10:53+08:00,2026-07-15,9237,凱基敦北,凱基敦北,OK,7,7,21000,70000,-49000,20200.0,191100.0,-170900.0,c995ba27f5408f70d35e75f0d297e36c352f7fe3064216fe8a4b1281781dc2d0,
2026-07-15T19:10:53+08:00,2026-07-15,9229,凱基中山,凱基中山,OK,11,6,61000,52000,9000,73350.0,59330.0,14020.0,8d65481b0d3df03d5eff46c58bdac0d70a7d75a78a1e75e5a103d425f30a0cbd,
2026-07-15T19:10:53+08:00,2026-07-15,920H,凱基基隆,凱基基隆,OK,20,16,271000,88000,183000,152890.0,152890.0,0.0,97b3dabc48bcd3d262ccf2fbe3fe440e4c89028163ac7b85b81d650d224dd47f,
2026-07-15T19:10:53+08:00,2026-07-15,9211,凱基台南,凱基台南,OK,51,41,490000,164000,326000,524150.0,316470.0,207680.0,561470eee28f22e6459a7182bb7390e6a199d6181b839591b1545234bb683633,
2026-07-15T19:10:53+08:00,2026-07-15,779c,國票敦北法人,國票敦北,OK,17,16,33000,43000,-10000,30870.0,58940.0,-28070.0,a5efe5dcfb2a22a8691aa8ce07add75630d6033b82c8f7a8c30963262f6d0f5c,
2026-07-15T19:10:53+08:00,2026-07-15,585Q,統一三多,統一三多,OK,70,37,1135000,2206000,-1071000,2119030.0,3215150.0,-1096120.0,03db70ebbcc57945767cfa58a0a77a6bdc56c77f8cf7aad3faeabed99a02b6b5,
2026-07-15T19:10:53+08:00,2026-07-15,585Y,統一土城,統一土城,OK,5,5,50000,0,50000,34650.0,0.0,34650.0,2f6400d17a88bf093cc1aa3ba816fc00fed1729fa2b3a25468549c3c0bb876e1,
2026-07-15T19:10:53+08:00,2026-07-15,5853,統一中壢,統一中壢,OK,12,8,105000,4000,101000,153620.0,24980.0,128640.0,076b6094f98a132a8fe97734de1a6e9cc422ee731009a61534e9716ea09cc2db,
2026-07-15T19:10:53+08:00,2026-07-15,538Y,第一金中壢,第一中壢,OK,62,36,259000,183000,76000,467720.0,187160.0,280560.0,a7347dbf0f11dfabc4c10726dd35a9fc880becdc0c999c74fff9e30ed52fc0f9,
2026-07-15T19:10:53+08:00,2026-07-15,6114,台中銀員林,中銀員林,OK,10,9,113000,93000,20000,188570.0,79350.0,109220.0,ac6354c0433c3ea6f76c0be45ae70704ece58dfac33553dd7806723eff9f3a7c,
2026-07-15T19:10:53+08:00,2026-07-15,6381,光和溪湖,光和溪湖,OK,6,5,54000,10000,44000,45700.0,16200.0,29500.0,2bf100d244ea2460f5af0b9baf6a221294317d455af6a39dade40b46af2c6b74,
2026-07-15T19:10:53+08:00,2026-07-15,111B,台灣企銀建成,台灣企銀-建成,NO_DATA,0,0,0,0,0,0.0,0.0,0.0,,
2026-07-15T19:20:53+08:00,2026-07-15,961F,富邦公益,富邦公益,OK,47,39,633000,352000,281000,1480020.0,331590.0,1148430.0,9319d904dd25c149d07fda7d15ab6a1f0049609cf08eb19950186932f5943e2c,
2026-07-15T19:20:53+08:00,2026-07-15,9663,富邦敦南,富邦敦南,OK,63,46,855000,2781000,-1926000,692650.0,2058130.0,-1365480.0,40d92b1f2d27c592b6e8e695ad5566a617e41a1b4104c0573d3dd65d57bfbb16,
2026-07-15T19:20:53+08:00,2026-07-15,9676,富邦仁愛,富邦仁愛,OK,76,59,421000,1118000,-697000,436890.0,2700080.0,-2263190.0,300c1e9270fdf1a2229c3c91a8b967a91dd30fc88fc86e3632d73b2e84170159,
2026-07-15T19:20:53+08:00,2026-07-15,8560,新光,新光,OK,341,225,5537000,5436000,101000,5302660.0,4535070.0,767590.0,9ecdfb1f2797e1177483e41e2a573472f56172f673a3702bb52feac058caae27,
2026-07-15T19:20:53+08:00,2026-07-15,9A9g,永豐金內湖,永豐內湖,OK,31,26,731000,467000,264000,884800.0,362260.0,522540.0,5c344f3acad3c97f03e38e597972c40c335ad28b9f16719a164ce80550138b50,
2026-07-15T19:20:53+08:00,2026-07-15,9A9P,永豐金竹北,永豐竹北,OK,86,49,1654000,889000,765000,2295870.0,1530280.0,765590.0,60dc67a6579568df8a8dbc18b4e3633a6cc4a2bdafb381e61606bced103eab96,
2026-07-15T19:20:53+08:00,2026-07-15,9A9X,永豐金竹科,永豐竹科,OK,128,82,3478000,339000,3139000,4970960.0,564030.0,4406930.0,13fdb57b773ca92b82b5062501eca672522a3328838163e21efc0be259b897b9,
2026-07-15T19:20:53+08:00,2026-07-15,9A9W,永豐金市政,永豐市政,OK,146,121,819000,797000,22000,1198600.0,726570.0,472030.0,4a08dc8da62bc2da088c6a7f7448d5abd34318095f74eafcf727dbfc39af2f34,
2026-07-15T19:20:53+08:00,2026-07-15,9A9R,永豐金信義,永豐信義,OK,9,7,184000,60000,124000,153320.0,111000.0,42320.0,e6145c5e87686ad702c8222871d3bf9aa29afcfa635c43272889357cce58b8a2,
2026-07-15T19:20:53+08:00,2026-07-15,9302,華南永昌台中,華南台中,OK,46,40,1461000,602000,859000,706570.0,901050.0,-194480.0,d94e89afc9b2639ab26af0e2de920d7a47d30090b186242f1be3c26f70c335e9,
2026-07-15T19:20:53+08:00,2026-07-15,9316,華南永昌淡水,華南淡水,OK,8,8,243000,7000,236000,295510.0,2460.0,293050.0,ce2f34a3a658c462d79a5e39edb255d1166b45296126cd73b364d64485f7dfed,
2026-07-15T19:20:53+08:00,2026-07-15,9343,華南永昌頭份,華南頭份,OK,7,7,303000,235000,68000,212880.0,291270.0,-78390.0,0b8ac2bf7fc2205d0eb1b60b141f9307a80d693dd47b8802ee085dd76da56503,
2026-07-15T19:20:53+08:00,2026-07-15,9337,華南永昌內壢,華南內壢,OK,27,19,212000,245000,-33000,201990.0,232440.0,-30450.0,2bfe8eac109dedefcd0c8a5da3efc66a301a5260f6e3f1b6b74cc739b56de329,
2026-07-15T19:20:53+08:00,2026-07-15,6480,福邦證券,福邦,OK,2,1,999000,0,999000,699530.0,0.0,699530.0,c7eaf7e2649c9e8ece7c358d8c0e2ab4c90276598067e3fd9d57823e7b751d0c,
2026-07-15T19:20:53+08:00,2026-07-15,9135,群益東大,群益東大,OK,40,30,495000,1182000,-687000,995850.0,2601320.0,-1605470.0,c66c56bfc4ad8c72a6a9d5c638829c589acde7bb90cb206438597f2eb633c7f0,
2026-07-15T19:20:53+08:00,2026-07-15,918C,群益金鼎古亭,群益古亭,OK,19,13,237000,1065000,-828000,310480.0,1178440.0,-867960.0,a598c0150deb30a404c2fd9ffa47001e806a8ef1c27a1f505cc35468464aaa95,
2026-07-15T19:20:53+08:00,2026-07-15,9186,群益金鼎新竹,群益新竹,OK,50,29,459000,234000,225000,482440.0,422780.0,59660.0,dcd32eb1362d793e3af4cd7ddef9e4375fba24c5d7b4de2b9b746831d58e9e1e,
2026-07-15T19:20:53+08:00,2026-07-15,9867,元大內湖民權,元大民權,OK,43,31,786000,776000,10000,735370.0,862390.0,-127020.0,f68b1289894033a58f0a0f34c3ced375e8d236c1a362baef65f0cfdfa56daf1a,
2026-07-15T19:20:53+08:00,2026-07-15,9853,元大南屯,元大南屯,OK,101,81,362000,413000,-51000,382820.0,520360.0,-137540.0,34b24806c3803e3d253b5ef0970525e43f93748e557ee8cc569af5402e773fc6,
2026-07-15T19:20:53+08:00,2026-07-15,989Q,元大汐止,元大汐止,OK,44,34,367000,1275000,-908000,426750.0,1609870.0,-1183120.0,2a61c57328ee6bca9117afd584491f0ad65882f3d1869485433b79e3f2d15a7e,
2026-07-15T19:20:53+08:00,2026-07-15,980l,元大虎尾,元大虎尾,OK,29,25,577000,60000,517000,554950.0,75340.0,479610.0,7f31ecf64ab5acc2378804fa3e22b0e4920a6fc678fc3b3b303dfca0ace4fd9b,
2026-07-15T19:20:53+08:00,2026-07-15,989f,元大東港,元大東港,OK,20,16,208000,34000,174000,250970.0,33080.0,217890.0,27174e95954d377d73f41071a4556af3ecf45a99f8906960e2e959e9586bec47,
2026-07-15T19:20:53+08:00,2026-07-15,989a,元大苑裡,元大苑裡,OK,31,22,1080000,481000,599000,1096040.0,923980.0,172060.0,06c0dede5b65cae4b48297c56833d9b7a65c5562d49aa011a469c150c70d0817,
2026-07-15T19:20:53+08:00,2026-07-15,989J,元大彰化民生,元大彰生,OK,84,48,1438000,700000,738000,2325110.0,2713950.0,-388840.0,08eff7fca3ba3cd0a230885c185b7e6807583601b4d42a1977f61ab84a6fe6b7,
2026-07-15T19:20:53+08:00,2026-07-15,700B,兆豐板橋,兆豐板橋,OK,19,9,1691000,810000,881000,2351320.0,759750.0,1591570.0,7264e67a6ceb88a4cad64a9baec2687f6582cd91b48f64375530e948f6b9b427,
2026-07-15T19:20:53+08:00,2026-07-15,9238,凱基士林,凱基士林,OK,48,33,5026000,456000,4570000,4438600.0,599120.0,3839480.0,cbac10bc481c93e97ac0a3585e81ce7ca0dcfc83785125e836d839ceb96c5987,
2026-07-15T19:20:53+08:00,2026-07-15,9237,凱基敦北,凱基敦北,OK,8,8,21000,75000,-54000,20200.0,195200.0,-175000.0,7a143dcf23cdfa78a2d04bffb7e7756d84ca4641f8e75041cae5cc617ed5bdba,
2026-07-15T19:20:53+08:00,2026-07-15,9229,凱基中山,凱基中山,OK,15,9,211000,62000,149000,285850.0,71630.0,214220.0,20a9376cef40847271e9b85cd8b5ba8b46fd60ab92cd26d1918f572b22cf138c,
2026-07-15T19:20:53+08:00,2026-07-15,920H,凱基基隆,凱基基隆,OK,29,18,290000,115000,175000,184240.0,207410.0,-23170.0,d217d30ad06286181fce1484c8dd9d5cfbc4802b4dda5db0e128072fceee2117,
2026-07-15T19:20:53+08:00,2026-07-15,9211,凱基台南,凱基台南,OK,55,45,513000,169000,344000,559890.0,322920.0,236970.0,9fac8f0dd35b1d252e4cc021b0b9398f062f412d71d3b9eeb5a37cbb47eea1d0,
2026-07-15T19:20:53+08:00,2026-07-15,779c,國票敦北法人,國票敦北,OK,17,16,33000,43000,-10000,30870.0,58940.0,-28070.0,a5efe5dcfb2a22a8691aa8ce07add75630d6033b82c8f7a8c30963262f6d0f5c,
2026-07-15T19:20:53+08:00,2026-07-15,585Q,統一三多,統一三多,OK,70,37,1135000,2206000,-1071000,2119030.0,3215150.0,-1096120.0,03db70ebbcc57945767cfa58a0a77a6bdc56c77f8cf7aad3faeabed99a02b6b5,
2026-07-15T19:20:53+08:00,2026-07-15,585Y,統一土城,統一土城,OK,6,6,60000,0,60000,49650.0,0.0,49650.0,7863fb2f67ef9d895448c95b20e8008f00678f6df7ec3da39a4806f1357ac6ab,
2026-07-15T19:20:53+08:00,2026-07-15,5853,統一中壢,統一中壢,OK,17,11,165000,24000,141000,209700.0,54980.0,154720.0,6eda44c02eb8c2616f503f2ce421147391b29d526c7466b49f64db270de450a2,
2026-07-15T19:20:53+08:00,2026-07-15,538Y,第一金中壢,第一中壢,OK,65,38,275000,184000,91000,486490.0,188840.0,297650.0,42aab9133116a42063ff8dc022ea7a7a06e47fd3cb2341cf140411a87d2e9746,
2026-07-15T19:20:53+08:00,2026-07-15,6114,台中銀員林,中銀員林,OK,10,9,113000,93000,20000,188570.0,79350.0,109220.0,ac6354c0433c3ea6f76c0be45ae70704ece58dfac33553dd7806723eff9f3a7c,
2026-07-15T19:20:53+08:00,2026-07-15,6381,光和溪湖,光和溪湖,OK,6,5,54000,10000,44000,45700.0,16200.0,29500.0,2bf100d244ea2460f5af0b9baf6a221294317d455af6a39dade40b46af2c6b74,
2026-07-15T19:20:53+08:00,2026-07-15,111B,台灣企銀建成,台企建成,OK,1,1,30000,0,30000,168000.0,0.0,168000.0,1bc062ac9459f50a796ddb88559e5b0a3361bc88c62726a0421be228f39cbbdc,
