probe_time,target_date,status,configured_brokers,successful_queries,failed_queries,brokers_with_data,raw_rows,unique_warrants,buy_volume,sell_volume,net_volume,buy_amount,sell_amount,net_amount,snapshot_hash,stable_count,stable_required,history_days,history_reference_days,history_min_days,coverage_threshold,coverage_enforced,baseline_raw_rows,baseline_unique_warrants,baseline_brokers_with_data,raw_rows_coverage,unique_warrants_coverage,brokers_with_data_coverage,overall_coverage,coverage_pass,is_complete,first_data_time,last_changed_time,complete_time,error_summary
2026-07-15T16:19:53+08:00,2026-07-14,DATA_CHANGING,38,38,0,38,6009,3039,125000000,102113000,22887000,138687640.0,132970800.0,5716840.0,0521d9d6251397bee15f3e53ae5de86d8090938d8f3547a8b5a1662a868b1248,1,4,,,,,,,,,,,,,,False,2026-07-15T16:19:53+08:00,2026-07-15T16:19:53+08:00,,
2026-07-15T16:29:52+08:00,2026-07-14,STABLE_WAITING,38,38,0,38,6009,3039,125000000,102113000,22887000,138687640.0,132970800.0,5716840.0,0521d9d6251397bee15f3e53ae5de86d8090938d8f3547a8b5a1662a868b1248,2,4,,,,,,,,,,,,,,False,2026-07-15T16:19:53+08:00,2026-07-15T16:19:53+08:00,,
2026-07-15T16:39:52+08:00,2026-07-14,STABLE_WAITING,38,38,0,38,6009,3039,125000000,102113000,22887000,138687640.0,132970800.0,5716840.0,0521d9d6251397bee15f3e53ae5de86d8090938d8f3547a8b5a1662a868b1248,3,4,,,,,,,,,,,,,,False,2026-07-15T16:19:53+08:00,2026-07-15T16:19:53+08:00,,
2026-07-15T17:04:01+08:00,2026-07-15,NO_DATA,38,38,0,0,0,0,0,0,0,0.0,0.0,0.0,,0,4,,,,,,,,,,,,,,False,,,,
2026-07-15T17:14:00+08:00,2026-07-15,NO_DATA,38,38,0,0,0,0,0,0,0,0.0,0.0,0.0,,0,4,,,,,,,,,,,,,,False,,,,
2026-07-15T17:24:00+08:00,2026-07-15,NO_DATA,38,38,0,0,0,0,0,0,0,0.0,0.0,0.0,,0,4,,,,,,,,,,,,,,False,,,,
2026-07-15T17:34:00+08:00,2026-07-15,NO_DATA,38,38,0,0,0,0,0,0,0,0.0,0.0,0.0,,0,4,,,,,,,,,,,,,,False,,,,
2026-07-15T17:44:00+08:00,2026-07-15,NO_DATA,38,38,0,0,0,0,0,0,0,0.0,0.0,0.0,,0,4,,,,,,,,,,,,,,False,,,,
2026-07-15T17:54:01+08:00,2026-07-15,NO_DATA,38,38,0,0,0,0,0,0,0,0.0,0.0,0.0,,0,4,,,,,,,,,,,,,,False,,,,
2026-07-15T18:04:00+08:00,2026-07-15,DATA_CHANGING,38,38,0,32,239,140,2948000,2233000,715000,4135020.0,1500670.0,2634350.0,eccc30dccad6cd875e0cfa2d0e1c38ba9790a61e55a57f4a41aeb4f3d85fff10,1,4,,,,,,,,,,,,,,False,2026-07-15T18:04:00+08:00,2026-07-15T18:04:00+08:00,,
2026-07-15T18:14:00+08:00,2026-07-15,DATA_CHANGING,38,38,0,37,658,378,10269000,5362000,4907000,12293030.0,5691710.0,6601320.0,550c93440f6808ccf576e4e732bc983c4dc36af3c3f4c57bce955767ec5e51bc,1,4,,,,,,,,,,,,,,False,2026-07-15T18:04:00+08:00,2026-07-15T18:14:00+08:00,,
2026-07-15T18:24:00+08:00,2026-07-15,DATA_CHANGING,38,38,0,37,1084,648,20486000,11415000,9071000,22159840.0,18122390.0,4037450.0,820172e29f56e014ff950851001e7903be543e9aa8ed6f7d8a17161b400c7f4b,1,4,,,,,,,,,,,,,,False,2026-07-15T18:04:00+08:00,2026-07-15T18:24:00+08:00,,
2026-07-15T18:30:54+08:00,2026-07-15,DATA_CHANGING,38,38,0,37,1200,723,21720000,14912000,6808000,23266820.0,20858290.0,2408530.0,2ed7196a90998276f0fbb3404fc6df80fbc7358f7c14d62512a84672e6d5fa05,1,4,0,20,5,0.9,False,0.0,0.0,0.0,,,,,True,False,2026-07-15T18:04:00+08:00,2026-07-15T18:30:54+08:00,,
2026-07-15T18:40:53+08:00,2026-07-15,DATA_CHANGING,38,38,0,37,1347,790,23194000,15821000,7373000,25058990.0,21947110.0,3111880.0,f7f4c92263a03992b8fd915a3db4475a3b2f723d278eb1a4efc9f2d848b271fd,1,4,0,20,5,0.9,False,0.0,0.0,0.0,,,,,True,False,2026-07-15T18:04:00+08:00,2026-07-15T18:40:53+08:00,,
2026-07-15T18:50:53+08:00,2026-07-15,DATA_CHANGING,38,38,0,37,1449,850,24603000,16994000,7609000,27317950.0,23521670.0,3796280.0,172bb815a27d558c2c8451a010f226ce39a6aaaf84dda539612a6062f31b0368,1,4,0,20,5,0.9,False,0.0,0.0,0.0,,,,,True,False,2026-07-15T18:04:00+08:00,2026-07-15T18:50:53+08:00,,
2026-07-15T19:00:54+08:00,2026-07-15,DATA_CHANGING,38,38,0,37,1555,920,25587000,17553000,8034000,28303400.0,24196690.0,4106710.0,dd081ccba66787e464ccb8753cd87b94dc9cbfa32835c2ccd43dedbbd407fcb0,1,4,0,20,5,0.9,False,0.0,0.0,0.0,,,,,True,False,2026-07-15T18:04:00+08:00,2026-07-15T19:00:54+08:00,,
2026-07-15T19:10:53+08:00,2026-07-15,DATA_CHANGING,38,38,0,37,1686,994,27741000,21624000,6117000,31449450.0,27550220.0,3899230.0,f3b60139f9eb792c724a668a39196d104e82e012a2eb9bd739e1002a99437f7e,1,4,0,20,5,0.9,False,0.0,0.0,0.0,,,,,True,False,2026-07-15T18:04:00+08:00,2026-07-15T19:10:53+08:00,,
2026-07-15T19:20:53+08:00,2026-07-15,DATA_CHANGING,38,38,0,38,1844,1071,33156000,23795000,9361000,38231140.0,31057230.0,7173910.0,90b4aa609036fde70490faaee23f593fd3fc24b804cc4af6e1dcd53555ffd015,1,4,0,20,5,0.9,False,0.0,0.0,0.0,,,,,True,False,2026-07-15T18:04:00+08:00,2026-07-15T19:20:53+08:00,,
2026-07-15T19:30:53+08:00,2026-07-15,DATA_CHANGING,38,38,0,38,1997,1149,34855000,26048000,8807000,40305180.0,34317950.0,5987230.0,b293f87f5990180e14e1b5c6cdc75e12991585ca336e4ee6e830b7734fd8d28b,1,4,0,20,5,0.9,False,0.0,0.0,0.0,,,,,True,False,2026-07-15T18:04:00+08:00,2026-07-15T19:30:53+08:00,,
2026-07-15T19:40:53+08:00,2026-07-15,DATA_CHANGING,38,38,0,38,2160,1223,36753000,27371000,9382000,45399200.0,36066780.0,9332420.0,6605914b87d5a67d49ccfadc6627fa098bd73f0febc7914c6513f6180efe015e,1,4,0,20,5,0.9,False,0.0,0.0,0.0,,,,,True,False,2026-07-15T18:04:00+08:00,2026-07-15T19:40:53+08:00,,
2026-07-15T19:50:53+08:00,2026-07-15,DATA_CHANGING,38,38,0,38,2332,1322,39071000,29021000,10050000,49753100.0,38631900.0,11121200.0,67f8d704d5d6db5f501d2153ed5ae7be55379323c9b48cb689377b3140492a82,1,4,0,20,5,0.9,False,0.0,0.0,0.0,,,,,True,False,2026-07-15T18:04:00+08:00,2026-07-15T19:50:53+08:00,,
2026-07-15T20:00:54+08:00,2026-07-15,DATA_CHANGING,38,38,0,38,2499,1419,45601000,29952000,15649000,60421400.0,40188540.0,20232860.0,20b28161f55bf960e0fca55d532ad0670f77e3e104927437fcc0b34ca9d65c7f,1,4,0,20,5,0.9,False,0.0,0.0,0.0,,,,,True,False,2026-07-15T18:04:00+08:00,2026-07-15T20:00:54+08:00,,
2026-07-15T20:10:54+08:00,2026-07-15,DATA_CHANGING,38,38,0,38,2590,1479,46545000,30603000,15942000,61962870.0,41095500.0,20867370.0,f3269305a6ecd3cdb5acb79c207342e6ea2abefbf8e090b1782513fef5f7c491,1,4,0,20,5,0.9,False,0.0,0.0,0.0,,,,,True,False,2026-07-15T18:04:00+08:00,2026-07-15T20:10:54+08:00,,
2026-07-15T20:20:53+08:00,2026-07-15,DATA_CHANGING,38,38,0,38,2679,1544,47188000,33037000,14151000,62668390.0,44998600.0,17669790.0,5c5b5359b881a57eea5b46f2d350162715803e18f2e4ee8648f9d6cbd5c4f4f5,1,4,0,20,5,0.9,False,0.0,0.0,0.0,,,,,True,False,2026-07-15T18:04:00+08:00,2026-07-15T20:20:53+08:00,,
2026-07-15T20:30:54+08:00,2026-07-15,DATA_CHANGING,38,38,0,38,2803,1624,50318000,35371000,14947000,69536400.0,48133650.0,21402750.0,60c32d3f81d0f7d426714609ff0fc77a6c1ffda533c4f52b7858e835f2a1c7ca,1,4,0,20,5,0.9,False,0.0,0.0,0.0,,,,,True,False,2026-07-15T18:04:00+08:00,2026-07-15T20:30:54+08:00,,
2026-07-15T20:40:54+08:00,2026-07-15,DATA_CHANGING,38,38,0,38,2876,1668,50944000,36909000,14035000,70488830.0,50519060.0,19969770.0,ec1887254eaf66520cd4508ffcc5b92511cecbd0ebcd351a3ed416724e2bc91f,1,4,0,20,5,0.9,False,0.0,0.0,0.0,,,,,True,False,2026-07-15T18:04:00+08:00,2026-07-15T20:40:54+08:00,,
2026-07-15T20:50:54+08:00,2026-07-15,DATA_CHANGING,38,38,0,38,2978,1734,53039000,38082000,14957000,74233380.0,51846370.0,22387010.0,6aa22022604f81fd5626e8456a80738c7736c44377c0fe2b950a7165cfe1d431,1,4,0,20,5,0.9,False,0.0,0.0,0.0,,,,,True,False,2026-07-15T18:04:00+08:00,2026-07-15T20:50:54+08:00,,
2026-07-15T21:00:54+08:00,2026-07-15,DATA_CHANGING,38,38,0,38,3084,1801,54797000,38773000,16024000,76059620.0,52673430.0,23386190.0,2205c9fb70992fcc0177933e959fd2a78398cd634964fcc7e999c07edcc12414,1,4,0,20,5,0.9,False,0.0,0.0,0.0,,,,,True,False,2026-07-15T18:04:00+08:00,2026-07-15T21:00:54+08:00,,
2026-07-15T21:10:54+08:00,2026-07-15,DATA_CHANGING,38,38,0,38,3185,1859,55676000,39405000,16271000,77610120.0,53606750.0,24003370.0,b365fb5678d194adeab9a5c79ebdaa2b2430f1d0c2772aff64b8297de321f771,1,4,0,20,5,0.9,False,0.0,0.0,0.0,,,,,True,False,2026-07-15T18:04:00+08:00,2026-07-15T21:10:54+08:00,,
2026-07-15T21:20:54+08:00,2026-07-15,DATA_CHANGING,38,38,0,38,3301,1922,56589000,49964000,6625000,78531340.0,54576600.0,23954740.0,12a75b52761ad4149d5d2ab3655213eb80b1dcba2e1e6e46f4d9b6414beb72c4,1,4,0,20,5,0.9,False,0.0,0.0,0.0,,,,,True,False,2026-07-15T18:04:00+08:00,2026-07-15T21:20:54+08:00,,
2026-07-15T21:30:54+08:00,2026-07-15,DATA_CHANGING,38,38,0,38,3398,1980,57384000,50568000,6816000,79553830.0,55738300.0,23815530.0,b5f25db9c48a2d0a738ce696b1486772ca7439d529d1228589bb38fd1ce01148,1,4,0,20,5,0.9,False,0.0,0.0,0.0,,,,,True,False,2026-07-15T18:04:00+08:00,2026-07-15T21:30:54+08:00,,
2026-07-15T21:40:53+08:00,2026-07-15,DATA_CHANGING,38,38,0,38,3523,2039,58658000,52167000,6491000,81584540.0,57198470.0,24386070.0,a231b5c2b4b43217336561ef72490a9d41a2048263dba8b93a8aa0c42e002b1f,1,4,0,20,5,0.9,False,0.0,0.0,0.0,,,,,True,False,2026-07-15T18:04:00+08:00,2026-07-15T21:40:53+08:00,,
2026-07-15T21:50:53+08:00,2026-07-15,DATA_CHANGING,38,38,0,38,3692,2134,60570000,54330000,6240000,83525670.0,59729150.0,23796520.0,a367a67e441e84a642aad169f63081f2810e3ca0d68ad5a453e51d8cdc35a653,1,4,0,20,5,0.9,False,0.0,0.0,0.0,,,,,True,False,2026-07-15T18:04:00+08:00,2026-07-15T21:50:53+08:00,,
2026-07-15T22:00:54+08:00,2026-07-15,DATA_CHANGING,38,38,0,38,3746,2161,61424000,54530000,6894000,84038180.0,59904760.0,24133420.0,edc00f404b3023066cdb740510c4f68b43c4ce2862006a5da72b1650306e1cb4,1,4,0,20,5,0.9,False,0.0,0.0,0.0,,,,,True,False,2026-07-15T18:04:00+08:00,2026-07-15T22:00:54+08:00,,
2026-07-15T22:10:53+08:00,2026-07-15,STABLE_WAITING,38,38,0,38,3746,2161,61424000,54530000,6894000,84038180.0,59904760.0,24133420.0,edc00f404b3023066cdb740510c4f68b43c4ce2862006a5da72b1650306e1cb4,2,4,0,20,5,0.9,False,0.0,0.0,0.0,,,,,True,False,2026-07-15T18:04:00+08:00,2026-07-15T22:00:54+08:00,,
2026-07-15T22:20:53+08:00,2026-07-15,STABLE_WAITING,38,38,0,38,3746,2161,61424000,54530000,6894000,84038180.0,59904760.0,24133420.0,edc00f404b3023066cdb740510c4f68b43c4ce2862006a5da72b1650306e1cb4,3,4,0,20,5,0.9,False,0.0,0.0,0.0,,,,,True,False,2026-07-15T18:04:00+08:00,2026-07-15T22:00:54+08:00,,
2026-07-15T22:31:48+08:00,2026-07-15,COMPLETE,38,38,0,38,3746,2161,61424000,54530000,6894000,84038180.0,59904760.0,24133420.0,edc00f404b3023066cdb740510c4f68b43c4ce2862006a5da72b1650306e1cb4,4,4,0,20,5,0.9,False,0.0,0.0,0.0,,,,,True,True,2026-07-15T18:04:00+08:00,2026-07-15T22:00:54+08:00,2026-07-15T22:31:48+08:00,
2026-07-16T18:53:00+08:00,2026-07-16,DATA_CHANGING,38,38,0,37,1464,804,29141000,22355000,6786000,36121890.0,28130050.0,7991840.0,dcd8361fec352a1e46775c94d11da18d66313ea1a9648af7965d1476a7a97be8,1,4,1,20,5,0.9,False,3746.0,2161.0,38.0,0.39081687132941806,0.37204997686256364,0.9736842105263158,0.37204997686256364,True,False,2026-07-16T18:53:00+08:00,2026-07-16T18:53:00+08:00,,
2026-07-16T19:03:00+08:00,2026-07-16,DATA_CHANGING,38,38,0,37,1547,855,30744000,22813000,7931000,37442940.0,28637750.0,8805190.0,aceb2097b28bf440ef64ec66e688f888c9894c40233f0bee4312600cfeb4ce13,1,4,1,20,5,0.9,False,3746.0,2161.0,38.0,0.4129738387613454,0.3956501619620546,0.9736842105263158,0.3956501619620546,True,False,2026-07-16T18:53:00+08:00,2026-07-16T19:03:00+08:00,,
2026-07-16T19:13:00+08:00,2026-07-16,DATA_CHANGING,38,38,0,37,1601,886,31229000,23320000,7909000,37924810.0,29050830.0,8873980.0,4d406493a7ab8405c13c711a00e0a9c5d65006191babed09e040d397d26ff87a,1,4,1,20,5,0.9,False,3746.0,2161.0,38.0,0.42738921516284034,0.4099953725127256,0.9736842105263158,0.4099953725127256,True,False,2026-07-16T18:53:00+08:00,2026-07-16T19:13:00+08:00,,
2026-07-16T19:23:01+08:00,2026-07-16,DATA_CHANGING,38,38,0,38,1756,964,33648000,24504000,9144000,40976580.0,30748890.0,10227690.0,2b0729aeedc79fe61dde9e3853700cc7a90171123de2363098ee20410711e11b,1,4,1,20,5,0.9,False,3746.0,2161.0,38.0,0.4687666844634277,0.44608977325312354,1.0,0.44608977325312354,True,False,2026-07-16T18:53:00+08:00,2026-07-16T19:23:01+08:00,,
2026-07-16T19:33:01+08:00,2026-07-16,DATA_CHANGING,38,38,0,38,1912,1039,35852000,27130000,8722000,43933300.0,33702600.0,10230700.0,6bade1105557ede1a526cc45c82c6ab8e22597819db9421ecd424e847a761b66,1,4,1,20,5,0.9,False,3746.0,2161.0,38.0,0.5104111051788575,0.4807959278111985,1.0,0.4807959278111985,True,False,2026-07-16T18:53:00+08:00,2026-07-16T19:33:01+08:00,,
2026-07-16T19:43:01+08:00,2026-07-16,DATA_CHANGING,38,38,0,38,2106,1117,39629000,29481000,10148000,47477220.0,37230780.0,10246440.0,056ef5809373db55a0a2520c0c3513d9afc0b63719e8177038d9d2834cdf5d54,1,4,1,20,5,0.9,False,3746.0,2161.0,38.0,0.5621996796583022,0.5168903285515964,1.0,0.5168903285515964,True,False,2026-07-16T18:53:00+08:00,2026-07-16T19:43:01+08:00,,
2026-07-16T19:53:01+08:00,2026-07-16,DATA_CHANGING,38,38,0,38,2291,1208,42402000,30627000,11775000,52956030.0,39303160.0,13652870.0,1919ddd0f3d78c15031e5f86ef253799984bddc870d2b4ec3ea5c70cccc4b9c5,1,4,1,20,5,0.9,False,3746.0,2161.0,38.0,0.6115856914041644,0.5590004627487274,1.0,0.5590004627487274,True,False,2026-07-16T18:53:00+08:00,2026-07-16T19:53:01+08:00,,
2026-07-16T20:03:01+08:00,2026-07-16,DATA_CHANGING,38,38,0,38,2414,1272,43890000,33128000,10762000,54878720.0,45278280.0,9600440.0,8be9326ea1566e8a023bf146f169a39c52394f28c2aecee46ef3b6d936f04d72,1,4,1,20,5,0.9,False,3746.0,2161.0,38.0,0.6444207154297917,0.5886163813049514,1.0,0.5886163813049514,True,False,2026-07-16T18:53:00+08:00,2026-07-16T20:03:01+08:00,,
2026-07-16T20:13:00+08:00,2026-07-16,DATA_CHANGING,38,38,0,38,2498,1323,45439000,34050000,11389000,57608830.0,45952010.0,11656820.0,334618bed3eba620f33e5c0b682e2ead9ece9ba14411e07057af3162c680d024,1,4,1,20,5,0.9,False,3746.0,2161.0,38.0,0.6668446342765617,0.6122165664044424,1.0,0.6122165664044424,True,False,2026-07-16T18:53:00+08:00,2026-07-16T20:13:00+08:00,,
2026-07-16T20:23:00+08:00,2026-07-16,DATA_CHANGING,38,38,0,38,2634,1391,48452000,35807000,12645000,62138240.0,48398650.0,13739590.0,6a533aee660d0f0b75a26dc2f69d5b4fac4c0cca4e746e71d17cdab12f634534,1,4,1,20,5,0.9,False,3746.0,2161.0,38.0,0.7031500266951415,0.6436834798704304,1.0,0.6436834798704304,True,False,2026-07-16T18:53:00+08:00,2026-07-16T20:23:00+08:00,,
2026-07-16T20:33:00+08:00,2026-07-16,DATA_CHANGING,38,38,0,38,2708,1430,49913000,36610000,13303000,63942010.0,49522290.0,14419720.0,1fa09d7fe07221f733160a5208bad9dae925f3db96222517c0251efc014e05a0,1,4,1,20,5,0.9,False,3746.0,2161.0,38.0,0.7229044313934864,0.6617306802406293,1.0,0.6617306802406293,True,False,2026-07-16T18:53:00+08:00,2026-07-16T20:33:00+08:00,,
2026-07-16T20:43:00+08:00,2026-07-16,DATA_CHANGING,38,38,0,38,2783,1471,50629000,38475000,12154000,64405670.0,52915430.0,11490240.0,35ae791dfd6698d65ac15a92a80ecda94daf7babd73449842092367fe1c8bbde,1,4,1,20,5,0.9,False,3746.0,2161.0,38.0,0.7429257875066738,0.6807033780657104,1.0,0.6807033780657104,True,False,2026-07-16T18:53:00+08:00,2026-07-16T20:43:00+08:00,,
2026-07-16T20:53:00+08:00,2026-07-16,DATA_CHANGING,38,38,0,38,2912,1537,53272000,39704000,13568000,68101140.0,54095220.0,14005920.0,af31dac74576808f44ded2dd6c6773c9b4d4a239bd984c36537f0bcf62cd934d,1,4,1,20,5,0.9,False,3746.0,2161.0,38.0,0.7773625200213561,0.7112447940768163,1.0,0.7112447940768163,True,False,2026-07-16T18:53:00+08:00,2026-07-16T20:53:00+08:00,,
2026-07-16T21:03:01+08:00,2026-07-16,DATA_CHANGING,38,38,0,38,3008,1594,55771000,41436000,14335000,72046180.0,56999280.0,15046900.0,0cf5ebfe46356d94da3d16d50bb69dfc0ef9ec00ebdba51d48ac4ddaf278ecdd,1,4,1,20,5,0.9,False,3746.0,2161.0,38.0,0.802989855846236,0.7376214715409533,1.0,0.7376214715409533,True,False,2026-07-16T18:53:00+08:00,2026-07-16T21:03:01+08:00,,
2026-07-16T21:13:00+08:00,2026-07-16,DATA_CHANGING,38,38,0,38,3087,1646,57240000,42212000,15028000,73306040.0,57528880.0,15777160.0,309ac73d87acf26bd2a9d23f91aa2fc3f08e7ba14d719e30691cf930d433d386,1,4,1,20,5,0.9,False,3746.0,2161.0,38.0,0.8240790176187934,0.7616844053678853,1.0,0.7616844053678853,True,False,2026-07-16T18:53:00+08:00,2026-07-16T21:13:00+08:00,,
2026-07-16T21:23:00+08:00,2026-07-16,DATA_CHANGING,38,38,0,38,3172,1700,58111000,43749000,14362000,74413990.0,58124950.0,16289040.0,41526b69ddbe997926b81f9e31798545c357d8c04b5ac94d95d3099b7962d12c,1,4,1,20,5,0.9,False,3746.0,2161.0,38.0,0.8467698878804057,0.7866728366496992,1.0,0.7866728366496992,True,False,2026-07-16T18:53:00+08:00,2026-07-16T21:23:00+08:00,,
2026-07-16T21:33:01+08:00,2026-07-16,DATA_CHANGING,38,38,0,38,3257,1749,59295000,44607000,14688000,76185450.0,59991690.0,16193760.0,9b1d5a2817e7d7296b84fe0f0c092154509cd542bf02aeac7b27ed0523cb41a3,1,4,1,20,5,0.9,False,3746.0,2161.0,38.0,0.8694607581420182,0.8093475242943082,1.0,0.8093475242943082,True,False,2026-07-16T18:53:00+08:00,2026-07-16T21:33:01+08:00,,
2026-07-16T21:43:01+08:00,2026-07-16,DATA_CHANGING,38,38,0,38,3418,1826,63041000,45800000,17241000,80217010.0,61739600.0,18477410.0,1d3ce2b8b704c5c2d7ef07d72de747538f8b6235708e82e8a4b177797ba3464e,1,4,1,20,5,0.9,False,3746.0,2161.0,38.0,0.9124399359316604,0.8449791763072652,1.0,0.8449791763072652,True,False,2026-07-16T18:53:00+08:00,2026-07-16T21:43:01+08:00,,
2026-07-16T21:53:00+08:00,2026-07-16,DATA_CHANGING,38,38,0,38,3515,1873,64863000,46551000,18312000,81746860.0,63968810.0,17778050.0,8950f8fe851596be9cfc72c2c72a041c5a26999a77af21427353847b0f04de97,1,4,1,20,5,0.9,False,3746.0,2161.0,38.0,0.9383342231713828,0.8667283664969921,1.0,0.8667283664969921,True,False,2026-07-16T18:53:00+08:00,2026-07-16T21:53:00+08:00,,
2026-07-16T22:03:00+08:00,2026-07-16,STABLE_WAITING,38,38,0,38,3515,1873,64863000,46551000,18312000,81746860.0,63968810.0,17778050.0,8950f8fe851596be9cfc72c2c72a041c5a26999a77af21427353847b0f04de97,2,4,1,20,5,0.9,False,3746.0,2161.0,38.0,0.9383342231713828,0.8667283664969921,1.0,0.8667283664969921,True,False,2026-07-16T18:53:00+08:00,2026-07-16T21:53:00+08:00,,
2026-07-16T22:13:00+08:00,2026-07-16,STABLE_WAITING,38,38,0,38,3515,1873,64863000,46551000,18312000,81746860.0,63968810.0,17778050.0,8950f8fe851596be9cfc72c2c72a041c5a26999a77af21427353847b0f04de97,3,4,1,20,5,0.9,False,3746.0,2161.0,38.0,0.9383342231713828,0.8667283664969921,1.0,0.8667283664969921,True,False,2026-07-16T18:53:00+08:00,2026-07-16T21:53:00+08:00,,
2026-07-16T22:23:01+08:00,2026-07-16,COMPLETE,38,38,0,38,3515,1873,64863000,46551000,18312000,81746860.0,63968810.0,17778050.0,8950f8fe851596be9cfc72c2c72a041c5a26999a77af21427353847b0f04de97,4,4,1,20,5,0.9,False,3746.0,2161.0,38.0,0.9383342231713828,0.8667283664969921,1.0,0.8667283664969921,True,True,2026-07-16T18:53:00+08:00,2026-07-16T21:53:00+08:00,2026-07-16T22:23:01+08:00,
2026-07-16T23:17:59+08:00,2026-07-16,COMPLETE,38,38,0,38,3515,1873,64863000,46551000,18312000,81746860.0,63968810.0,17778050.0,8950f8fe851596be9cfc72c2c72a041c5a26999a77af21427353847b0f04de97,5,4,1,20,5,0.9,False,3746.0,2161.0,38.0,0.9383342231713828,0.8667283664969921,1.0,0.8667283664969921,True,True,2026-07-16T18:53:00+08:00,2026-07-16T21:53:00+08:00,2026-07-16T22:23:01+08:00,
2026-07-17T17:32:43+08:00,2026-07-17,NO_DATA,38,38,0,0,0,0,0,0,0,0.0,0.0,0.0,,0,4,2,20,5,0.9,False,3630.5,2017.0,38.0,0.0,0.0,0.0,0.0,True,False,,,,
2026-07-17T17:42:43+08:00,2026-07-17,NO_DATA,38,38,0,0,0,0,0,0,0,0.0,0.0,0.0,,0,4,2,20,5,0.9,False,3630.5,2017.0,38.0,0.0,0.0,0.0,0.0,True,False,,,,
2026-07-17T17:52:42+08:00,2026-07-17,NO_DATA,38,38,0,0,0,0,0,0,0,0.0,0.0,0.0,,0,4,2,20,5,0.9,False,3630.5,2017.0,38.0,0.0,0.0,0.0,0.0,True,False,,,,
2026-07-17T18:02:42+08:00,2026-07-17,DATA_CHANGING,38,38,0,33,321,168,2648000,3758000,-1110000,2616800.0,3039150.0,-422350.0,cc3bfbfc45df4ea99d8492427281b2387dad2c42493771d0749471f06e57cd1e,1,4,2,20,5,0.9,False,3630.5,2017.0,38.0,0.08841757333700592,0.08329201784828955,0.868421052631579,0.08329201784828955,True,False,2026-07-17T18:02:42+08:00,2026-07-17T18:02:42+08:00,,
2026-07-17T18:12:42+08:00,2026-07-17,DATA_CHANGING,38,38,0,36,913,488,32265000,17244000,15021000,32729880.0,14702900.0,18026980.0,70b23dafec825b322cfa5ae2f2a4972d7ce1156a8c1bd8bba4d5455b1bd8d263,1,4,2,20,5,0.9,False,3630.5,2017.0,38.0,0.2514805123261259,0.24194348041646008,0.9473684210526315,0.24194348041646008,True,False,2026-07-17T18:02:42+08:00,2026-07-17T18:12:42+08:00,,
2026-07-17T18:22:42+08:00,2026-07-17,DATA_CHANGING,38,38,0,37,1365,772,40484000,21976000,18508000,40291550.0,21555490.0,18736060.0,ea3e61c47e1275077665b972c7d2aca80c7c6b224446678da1d1fbae88585ea8,1,4,2,20,5,0.9,False,3630.5,2017.0,38.0,0.37598126979754853,0.38274665344571146,0.9736842105263158,0.37598126979754853,True,False,2026-07-17T18:02:42+08:00,2026-07-17T18:22:42+08:00,,
2026-07-17T18:32:43+08:00,2026-07-17,DATA_CHANGING,38,38,0,37,1467,819,43883000,23538000,20345000,42941660.0,22869360.0,20072300.0,9d4ee0922999c3e18b11a02491dcf6f6d91ca86ee2bd5b99453c49e11374e1b2,1,4,2,20,5,0.9,False,3630.5,2017.0,38.0,0.404076573474728,0.4060485870104115,0.9736842105263158,0.404076573474728,True,False,2026-07-17T18:02:42+08:00,2026-07-17T18:32:43+08:00,,
2026-07-17T18:42:43+08:00,2026-07-17,DATA_CHANGING,38,38,0,37,1534,853,44609000,24518000,20091000,43714500.0,23804620.0,19909880.0,b1ad6369d56fa860b7184478e71af240adbc24eaefd907074cb0873ce249f332,1,4,2,20,5,0.9,False,3630.5,2017.0,38.0,0.42253133177248314,0.4229053049082796,0.9736842105263158,0.42253133177248314,True,False,2026-07-17T18:02:42+08:00,2026-07-17T18:42:43+08:00,,
2026-07-17T18:52:43+08:00,2026-07-17,DATA_CHANGING,38,38,0,38,1744,957,52526000,26884000,25642000,50087310.0,27460790.0,22626520.0,102a48b17900e7a25a7278570a67fe4cbec0e50345b12d325280a4511568aa04,1,4,2,20,5,0.9,False,3630.5,2017.0,38.0,0.48037460404902904,0.4744670302429351,1.0,0.4744670302429351,True,False,2026-07-17T18:02:42+08:00,2026-07-17T18:52:43+08:00,,
2026-07-17T19:02:43+08:00,2026-07-17,DATA_CHANGING,38,38,0,38,1872,1031,55842000,28804000,27038000,53454970.0,29128680.0,24326290.0,b0132a45faff09861bb7f0632b4c60b7bcc4f2f92a159edd2c004fe4841c8818,1,4,2,20,5,0.9,False,3630.5,2017.0,38.0,0.5156314557223522,0.5111551809618244,1.0,0.5111551809618244,True,False,2026-07-17T18:02:42+08:00,2026-07-17T19:02:43+08:00,,
2026-07-17T19:12:42+08:00,2026-07-17,DATA_CHANGING,38,38,0,38,1989,1086,57370000,29510000,27860000,54748280.0,29568970.0,25179310.0,b3c44b1e21d0c9fe6398b412c1cdebd88e483d41cef352f092faad9bf9c322c7,1,4,2,20,5,0.9,False,3630.5,2017.0,38.0,0.5478584217049993,0.5384234010907288,1.0,0.5384234010907288,True,False,2026-07-17T18:02:42+08:00,2026-07-17T19:12:42+08:00,,
2026-07-17T19:22:43+08:00,2026-07-17,DATA_CHANGING,38,38,0,38,2173,1186,60314000,31375000,28939000,56759630.0,31151220.0,25608410.0,caacca48ffa3a9c30fd0ddc014576987f55f12188e19057162da826583e1d977,1,4,2,20,5,0.9,False,3630.5,2017.0,38.0,0.5985401459854015,0.5880019831432821,1.0,0.5880019831432821,True,False,2026-07-17T18:02:42+08:00,2026-07-17T19:22:43+08:00,,
2026-07-17T19:32:42+08:00,2026-07-17,DATA_CHANGING,38,38,0,38,2364,1286,72781000,32821000,39960000,64565580.0,33106990.0,31458590.0,353c8e3466042ec686f06ad997f7d7d1057b541894139b9c133db9364b254833,1,4,2,20,5,0.9,False,3630.5,2017.0,38.0,0.6511499793416885,0.6375805651958354,1.0,0.6375805651958354,True,False,2026-07-17T18:02:42+08:00,2026-07-17T19:32:42+08:00,,
2026-07-17T19:42:43+08:00,2026-07-17,DATA_CHANGING,38,38,0,38,2522,1343,75525000,33687000,41838000,67276210.0,34071840.0,33204370.0,cc6161316cfa966e5c6d7230ef1e50ce36911bc969339439548debcfcf4e3255,1,4,2,20,5,0.9,False,3630.5,2017.0,38.0,0.6946701556259468,0.6658403569657908,1.0,0.6658403569657908,True,False,2026-07-17T18:02:42+08:00,2026-07-17T19:42:43+08:00,,
2026-07-17T19:52:42+08:00,2026-07-17,DATA_CHANGING,38,38,0,38,2749,1451,77576000,35319000,42257000,70167180.0,35944310.0,34222870.0,ab34486a4431be1c83ff040ee32d9dc71dbf85170e71265578adf0f9f32e1b84,1,4,2,20,5,0.9,False,3630.5,2017.0,38.0,0.757195978515356,0.7193852255825484,1.0,0.7193852255825484,True,False,2026-07-17T18:02:42+08:00,2026-07-17T19:52:42+08:00,,
2026-07-17T20:02:42+08:00,2026-07-17,DATA_CHANGING,38,38,0,38,3019,1587,88243000,38896000,49347000,83629520.0,39600560.0,44028960.0,4a91bbdd1ea1873b71bfba2928a2ca2a36150cb026e9a82639138c4862643860,1,4,2,20,5,0.9,False,3630.5,2017.0,38.0,0.8315659000137722,0.7868120971740208,1.0,0.7868120971740208,True,False,2026-07-17T18:02:42+08:00,2026-07-17T20:02:42+08:00,,
2026-07-17T20:12:43+08:00,2026-07-17,DATA_CHANGING,38,38,0,38,3142,1630,91107000,41602000,49505000,85550020.0,42843990.0,42706030.0,fcc6355514c0632bfab21df72dd2dba6f576e27c1ad915b25243fc9c7e9b3b46,1,4,2,20,5,0.9,False,3630.5,2017.0,38.0,0.8654455309186062,0.8081308874566188,1.0,0.8081308874566188,True,False,2026-07-17T18:02:42+08:00,2026-07-17T20:12:43+08:00,,
2026-07-17T20:22:42+08:00,2026-07-17,DATA_CHANGING,38,38,0,38,3308,1729,98517000,43780000,54737000,89265820.0,44766220.0,44499600.0,8a815887e82b07e9079e276c1969208f8945e60ca5f2dcdcba6799127aceeca0,1,4,2,20,5,0.9,False,3630.5,2017.0,38.0,0.9111692604324473,0.8572136836886465,1.0,0.8572136836886465,True,False,2026-07-17T18:02:42+08:00,2026-07-17T20:22:42+08:00,,
2026-07-17T20:32:42+08:00,2026-07-17,DATA_CHANGING,38,38,0,38,3439,1797,102654000,46066000,56588000,91996830.0,47654860.0,44341970.0,fba99e1e7c907f5ad61168bfeba80abe9e680ce794d9865cb1e9c55651e7fbcc,1,4,2,20,5,0.9,False,3630.5,2017.0,38.0,0.9472524445668641,0.8909271194843827,1.0,0.8909271194843827,True,False,2026-07-17T18:02:42+08:00,2026-07-17T20:32:42+08:00,,
2026-07-17T20:42:43+08:00,2026-07-17,DATA_CHANGING,38,38,0,38,3542,1845,105731000,48055000,57676000,97115750.0,50305820.0,46809930.0,6b451ae1389715cd06687d2e8bfbbcf39c2b57e3e21a7007bfc3ea8f635407fc,1,4,2,20,5,0.9,False,3630.5,2017.0,38.0,0.9756231923977413,0.9147248388696083,1.0,0.9147248388696083,True,False,2026-07-17T18:02:42+08:00,2026-07-17T20:42:43+08:00,,
2026-07-17T20:52:42+08:00,2026-07-17,DATA_CHANGING,38,38,0,38,3654,1900,107815000,49430000,58385000,98900990.0,51966620.0,46934370.0,1972874eb416aab0b790826a7a27d2fd46d39e9c6a1aae305595a5a901a1bf78,1,4,2,20,5,0.9,False,3630.5,2017.0,38.0,1.0064729376118993,0.9419930589985126,1.0,0.9419930589985126,True,False,2026-07-17T18:02:42+08:00,2026-07-17T20:52:42+08:00,,
2026-07-17T21:02:43+08:00,2026-07-17,DATA_CHANGING,38,38,0,38,3831,1994,112230000,51652000,60578000,103093970.0,53978970.0,49115000.0,5792c0104b3db3cee55fde8b06309afe7b35183b9bcb2fccc829ca8ae58dc5e6,1,4,2,20,5,0.9,False,3630.5,2017.0,38.0,1.0552265528164164,0.9885969261279127,1.0,0.9885969261279127,True,False,2026-07-17T18:02:42+08:00,2026-07-17T21:02:43+08:00,,
2026-07-17T21:12:42+08:00,2026-07-17,DATA_CHANGING,38,38,0,38,3930,2033,113752000,52239000,61513000,106156640.0,54691640.0,51465000.0,0d1c95695597d30321bb3373ea47f2189a52edb678679737caab2e011708559c,1,4,2,20,5,0.9,False,3630.5,2017.0,38.0,1.0824955240325025,1.0079325731284086,1.0,1.0,True,False,2026-07-17T18:02:42+08:00,2026-07-17T21:12:42+08:00,,
2026-07-17T21:22:43+08:00,2026-07-17,DATA_CHANGING,38,38,0,38,4115,2125,118506000,53338000,65168000,110363040.0,56708460.0,53654580.0,c0a9faad4b091e814c0ba924fdad79c12a04ea9955dd4d5859b3864c093014bc,1,4,2,20,5,0.9,False,3630.5,2017.0,38.0,1.1334526924666024,1.0535448686167577,1.0,1.0,True,False,2026-07-17T18:02:42+08:00,2026-07-17T21:22:43+08:00,,
2026-07-17T21:33:44+08:00,2026-07-17,DATA_CHANGING,38,38,0,38,4282,2208,121658000,54805000,66853000,113627950.0,58624490.0,55003460.0,acbd7e5cf3a2c3573a0d730bcb03ec043ef4c2c3c932535a217fdc6470c14416,1,4,2,20,5,0.9,False,3630.5,2017.0,38.0,1.1794518661341413,1.0946950917203768,1.0,1.0,True,False,2026-07-17T18:02:42+08:00,2026-07-17T21:33:44+08:00,,
2026-07-17T21:43:43+08:00,2026-07-17,DATA_CHANGING,38,38,0,38,4346,2243,122067000,55637000,66430000,114616220.0,59775980.0,54840240.0,2ef91de8c467b80e549e1f4a3f67b23b539d4b5af32c0ae477c880898acebf14,1,4,2,20,5,0.9,False,3630.5,2017.0,38.0,1.197080291970803,1.1120475954387705,1.0,1.0,True,False,2026-07-17T18:02:42+08:00,2026-07-17T21:43:43+08:00,,
2026-07-17T21:53:44+08:00,2026-07-17,DATA_CHANGING,38,38,0,38,4554,2337,125877000,58982000,66895000,117292600.0,64327130.0,52965470.0,76c9a15776681389ecbb70602dd507960476143ab0269fda0178c0801f9ccb0c,1,4,2,20,5,0.9,False,3630.5,2017.0,38.0,1.2543726759399532,1.1586514625681705,1.0,1.0,True,False,2026-07-17T18:02:42+08:00,2026-07-17T21:53:44+08:00,,
2026-07-17T22:03:43+08:00,2026-07-17,DATA_CHANGING,38,38,0,38,4912,2493,132209000,69081000,63128000,121453350.0,73689930.0,47763420.0,3f0018f770fa4aa5e08d730001c07b3079d89eed1573bc9cf3591c6255a16a67,1,4,2,20,5,0.9,False,3630.5,2017.0,38.0,1.352981682963779,1.2359940505701537,1.0,1.0,True,False,2026-07-17T18:02:42+08:00,2026-07-17T22:03:43+08:00,,
2026-07-17T22:13:43+08:00,2026-07-17,DATA_CHANGING,38,38,0,38,4924,2498,132258000,69101000,63157000,121493480.0,73696840.0,47796640.0,316116622eb533ef6460abaa9cb1ad06f55aae76ecb8a312f7ec2a0ba6fc7bd2,1,4,2,20,5,0.9,False,3630.5,2017.0,38.0,1.3562870128081532,1.2384729796727814,1.0,1.0,True,False,2026-07-17T18:02:42+08:00,2026-07-17T22:13:43+08:00,,
2026-07-17T22:23:43+08:00,2026-07-17,STABLE_WAITING,38,38,0,38,4924,2498,132258000,69101000,63157000,121493480.0,73696840.0,47796640.0,316116622eb533ef6460abaa9cb1ad06f55aae76ecb8a312f7ec2a0ba6fc7bd2,2,4,2,20,5,0.9,False,3630.5,2017.0,38.0,1.3562870128081532,1.2384729796727814,1.0,1.0,True,False,2026-07-17T18:02:42+08:00,2026-07-17T22:13:43+08:00,,
2026-07-17T22:33:44+08:00,2026-07-17,STABLE_WAITING,38,38,0,38,4924,2498,132258000,69101000,63157000,121493480.0,73696840.0,47796640.0,316116622eb533ef6460abaa9cb1ad06f55aae76ecb8a312f7ec2a0ba6fc7bd2,3,4,2,20,5,0.9,False,3630.5,2017.0,38.0,1.3562870128081532,1.2384729796727814,1.0,1.0,True,False,2026-07-17T18:02:42+08:00,2026-07-17T22:13:43+08:00,,
2026-07-17T22:43:43+08:00,2026-07-17,COMPLETE,38,38,0,38,4924,2498,132258000,69101000,63157000,121493480.0,73696840.0,47796640.0,316116622eb533ef6460abaa9cb1ad06f55aae76ecb8a312f7ec2a0ba6fc7bd2,4,4,2,20,5,0.9,False,3630.5,2017.0,38.0,1.3562870128081532,1.2384729796727814,1.0,1.0,True,True,2026-07-17T18:02:42+08:00,2026-07-17T22:13:43+08:00,2026-07-17T22:43:43+08:00,
2026-07-20T17:17:19+08:00,2026-07-20,NO_DATA,38,38,0,0,0,0,0,0,0,0.0,0.0,0.0,,0,4,3,20,5,0.9,False,3746.0,2161.0,38.0,0.0,0.0,0.0,0.0,True,False,,,,
2026-07-20T17:27:18+08:00,2026-07-20,NO_DATA,38,38,0,0,0,0,0,0,0,0.0,0.0,0.0,,0,4,3,20,5,0.9,False,3746.0,2161.0,38.0,0.0,0.0,0.0,0.0,True,False,,,,
2026-07-20T17:37:18+08:00,2026-07-20,NO_DATA,38,38,0,0,0,0,0,0,0,0.0,0.0,0.0,,0,4,3,20,5,0.9,False,3746.0,2161.0,38.0,0.0,0.0,0.0,0.0,True,False,,,,
2026-07-20T17:47:18+08:00,2026-07-20,NO_DATA,38,38,0,0,0,0,0,0,0,0.0,0.0,0.0,,0,4,3,20,5,0.9,False,3746.0,2161.0,38.0,0.0,0.0,0.0,0.0,True,False,,,,
2026-07-20T17:57:18+08:00,2026-07-20,NO_DATA,38,38,0,0,0,0,0,0,0,0.0,0.0,0.0,,0,4,3,20,5,0.9,False,3746.0,2161.0,38.0,0.0,0.0,0.0,0.0,True,False,,,,
2026-07-20T18:07:18+08:00,2026-07-20,DATA_CHANGING,38,38,0,34,566,318,23576000,13633000,9943000,21441450.0,8006090.0,13435360.0,7f24a92e015122b9284aab816f15ae65fb2f42c37ec22d196b922c8aeec06a3b,1,4,3,20,5,0.9,False,3746.0,2161.0,38.0,0.15109450080085424,0.14715409532623785,0.8947368421052632,0.14715409532623785,True,False,2026-07-20T18:07:18+08:00,2026-07-20T18:07:18+08:00,,
2026-07-20T18:17:18+08:00,2026-07-20,DATA_CHANGING,38,38,0,35,948,553,29149000,17898000,11251000,27293020.0,11374560.0,15918460.0,9da52047d9457a7af73722a0d7cbe2e264a0bb0ba991d3697f6255f18b21fb2c,1,4,3,20,5,0.9,False,3746.0,2161.0,38.0,0.2530699412706887,0.25590004627487273,0.9210526315789473,0.2530699412706887,True,False,2026-07-20T18:07:18+08:00,2026-07-20T18:17:18+08:00,,
2026-07-20T18:27:18+08:00,2026-07-20,DATA_CHANGING,38,38,0,36,1049,604,31711000,18279000,13432000,29096170.0,11809840.0,17286330.0,b3ff4b9993c9b29593c2fe56461b45ad8f66504024afd8eaf88030fe93dd40ca,1,4,3,20,5,0.9,False,3746.0,2161.0,38.0,0.2800320341697811,0.2795002313743637,0.9473684210526315,0.2795002313743637,True,False,2026-07-20T18:07:18+08:00,2026-07-20T18:27:18+08:00,,
2026-07-20T18:37:19+08:00,2026-07-20,DATA_CHANGING,38,38,0,36,1107,643,32166000,18672000,13494000,29571830.0,12177340.0,17394490.0,2987331dd2a6f7eabff30d6cda47627c9a722f79da06df06073554265b1fdaec,1,4,3,20,5,0.9,False,3746.0,2161.0,38.0,0.295515216230646,0.2975474317445627,0.9473684210526315,0.295515216230646,True,False,2026-07-20T18:07:18+08:00,2026-07-20T18:37:19+08:00,,
2026-07-20T18:47:19+08:00,2026-07-20,DATA_CHANGING,38,38,0,37,1202,704,34298000,19499000,14799000,31019510.0,13233380.0,17786130.0,fc55ae5f13bb94aa50680e7d198f90e2bf62efd192e7632c181aa13ad46a6754,1,4,3,20,5,0.9,False,3746.0,2161.0,38.0,0.3208756006406834,0.32577510411846367,0.9736842105263158,0.3208756006406834,True,False,2026-07-20T18:07:18+08:00,2026-07-20T18:47:19+08:00,,
2026-07-20T18:57:19+08:00,2026-07-20,DATA_CHANGING,38,38,0,37,1299,774,40615000,21730000,18885000,35252030.0,14716210.0,20535820.0,91d871e3f7a1bc0a5a7886dac3e3fe93a2fbe789c73b9c4cbaaedd082820c08d,1,4,3,20,5,0.9,False,3746.0,2161.0,38.0,0.34676988788040575,0.35816751503933364,0.9736842105263158,0.34676988788040575,True,False,2026-07-20T18:07:18+08:00,2026-07-20T18:57:19+08:00,,
2026-07-20T19:07:18+08:00,2026-07-20,DATA_CHANGING,38,38,0,37,1383,825,47785000,22596000,25189000,39694660.0,15456030.0,24238630.0,16e1d6e77c81345a78250e0b8046c626a99fd167877616440bb0934eb1e6a24c,1,4,3,20,5,0.9,False,3746.0,2161.0,38.0,0.36919380672717567,0.3817677001388246,0.9736842105263158,0.36919380672717567,True,False,2026-07-20T18:07:18+08:00,2026-07-20T19:07:18+08:00,,
2026-07-20T19:17:18+08:00,2026-07-20,DATA_CHANGING,38,38,0,38,1517,899,51485000,23926000,27559000,41326270.0,16535280.0,24790990.0,5a5a581e7fb654c457376af7160a404c0284c691eb04409323a5764002f90acc,1,4,3,20,5,0.9,False,3746.0,2161.0,38.0,0.4049652963160705,0.41601110596945856,1.0,0.4049652963160705,True,False,2026-07-20T18:07:18+08:00,2026-07-20T19:17:18+08:00,,
2026-07-20T19:27:19+08:00,2026-07-20,DATA_CHANGING,38,38,0,38,1672,985,57842000,26953000,30889000,44936550.0,19561720.0,25374830.0,86f9b6740cfcd1aa5c7656132e65d6c6c34937a677f1cb783840206499ac41d4,1,4,3,20,5,0.9,False,3746.0,2161.0,38.0,0.44634276561665776,0.45580749652938457,1.0,0.44634276561665776,True,False,2026-07-20T18:07:18+08:00,2026-07-20T19:27:19+08:00,,
2026-07-20T19:37:18+08:00,2026-07-20,DATA_CHANGING,38,38,0,38,1829,1057,61532000,28068000,33464000,48534040.0,20443410.0,28090630.0,99205fa5e9144015a32b001a8c37f7e3019a4b2a74a9c97590ce71b1f51f6ed3,1,4,3,20,5,0.9,False,3746.0,2161.0,38.0,0.48825413774693005,0.4891254049051365,1.0,0.48825413774693005,True,False,2026-07-20T18:07:18+08:00,2026-07-20T19:37:18+08:00,,
2026-07-20T19:47:19+08:00,2026-07-20,DATA_CHANGING,38,38,0,38,1961,1137,64952000,30946000,34006000,55200040.0,23809210.0,31390830.0,6c1dce79f8e9f20ef53d6947c51f6ebb19303eb135183ff4f1ac69a8c2aff25e,1,4,3,20,5,0.9,False,3746.0,2161.0,38.0,0.5234917245061399,0.5261453031004165,1.0,0.5234917245061399,True,False,2026-07-20T18:07:18+08:00,2026-07-20T19:47:19+08:00,,
2026-07-20T19:57:18+08:00,2026-07-20,DATA_CHANGING,38,38,0,38,2128,1215,68186000,32777000,35409000,57266280.0,26694130.0,30572150.0,0ea2bec20a77cb7a83016e8df0b3f83a67a3623287a94266ee1bb18b1bc444cf,1,4,3,20,5,0.9,False,3746.0,2161.0,38.0,0.5680726107848372,0.5622397038408145,1.0,0.5622397038408145,True,False,2026-07-20T18:07:18+08:00,2026-07-20T19:57:18+08:00,,
2026-07-20T20:07:18+08:00,2026-07-20,DATA_CHANGING,38,38,0,38,2218,1271,69189000,34623000,34566000,58719240.0,28606080.0,30113160.0,59b4815c0fcfe94a48118cd0727c7c32a8996440a144c77bd39257c8f2442f3b,1,4,3,20,5,0.9,False,3746.0,2161.0,38.0,0.5920982381206621,0.5881536325775104,1.0,0.5881536325775104,True,False,2026-07-20T18:07:18+08:00,2026-07-20T20:07:18+08:00,,
2026-07-20T20:17:19+08:00,2026-07-20,DATA_CHANGING,38,38,0,38,2342,1345,72211000,37359000,34852000,63316040.0,30892460.0,32423580.0,0972d073959e6a28c120b65ab91960a624b96156d77e37d358636d0160032e14,1,4,3,20,5,0.9,False,3746.0,2161.0,38.0,0.6252002135611319,0.6223970384081444,1.0,0.6223970384081444,True,False,2026-07-20T18:07:18+08:00,2026-07-20T20:17:19+08:00,,
2026-07-20T20:27:18+08:00,2026-07-20,DATA_CHANGING,38,38,0,38,2422,1402,76975000,38811000,38164000,66216630.0,33008310.0,33208320.0,7b0975a2ff4f8276ae1aa10f53b6782185b03c8f1a00fc0838fca25036126577,1,4,3,20,5,0.9,False,3746.0,2161.0,38.0,0.6465563267485318,0.6487737158722814,1.0,0.6465563267485318,True,False,2026-07-20T18:07:18+08:00,2026-07-20T20:27:18+08:00,,
2026-07-20T20:37:18+08:00,2026-07-20,DATA_CHANGING,38,38,0,38,2516,1466,78723000,41096000,37627000,67293340.0,36810560.0,30482780.0,29b0e9b7559438ba3545973525709d1a530956ee913b650434178e7196b2689f,1,4,3,20,5,0.9,False,3746.0,2161.0,38.0,0.6716497597437266,0.6783896344285053,1.0,0.6716497597437266,True,False,2026-07-20T18:07:18+08:00,2026-07-20T20:37:18+08:00,,
2026-07-20T20:47:19+08:00,2026-07-20,DATA_CHANGING,38,38,0,38,2628,1521,80745000,42331000,38414000,71601910.0,37928860.0,33673050.0,9916db53f7bb82f65d9aa538441722968d57543f29124e9357ca61962426f0a8,1,4,3,20,5,0.9,False,3746.0,2161.0,38.0,0.7015483182060865,0.7038408144377603,1.0,0.7015483182060865,True,False,2026-07-20T18:07:18+08:00,2026-07-20T20:47:19+08:00,,
2026-07-20T20:57:18+08:00,2026-07-20,DATA_CHANGING,38,38,0,38,2708,1571,81960000,44452000,37508000,72394250.0,41885650.0,30508600.0,ca50d628e4b19ef3729ea4c152350a2631eb35560fb7f384852933f46b412971,1,4,3,20,5,0.9,False,3746.0,2161.0,38.0,0.7229044313934864,0.7269782508098103,1.0,0.7229044313934864,True,False,2026-07-20T18:07:18+08:00,2026-07-20T20:57:18+08:00,,
2026-07-20T21:07:18+08:00,2026-07-20,DATA_CHANGING,38,38,0,38,2802,1625,82710000,45556000,37154000,73070930.0,43047710.0,30023220.0,06e6071722da8a1188353d43bb63e6cf649c6a296b8bce953fa3751dd7cab35f,1,4,3,20,5,0.9,False,3746.0,2161.0,38.0,0.7479978643886812,0.7519666820916242,1.0,0.7479978643886812,True,False,2026-07-20T18:07:18+08:00,2026-07-20T21:07:18+08:00,,
2026-07-20T21:18:22+08:00,2026-07-20,DATA_CHANGING,38,38,0,38,2944,1710,84256000,47222000,37034000,74373060.0,44205680.0,30167380.0,a4542df0ac5e99ede8a1cbc282598df98ecb59113e5d9fbd013fade2198bff80,1,4,3,20,5,0.9,False,3746.0,2161.0,38.0,0.785904965296316,0.7913003239241092,1.0,0.785904965296316,True,False,2026-07-20T18:07:18+08:00,2026-07-20T21:18:22+08:00,,
2026-07-20T21:28:22+08:00,2026-07-20,DATA_CHANGING,38,38,0,38,3186,1816,89177000,51434000,37743000,78982940.0,48672440.0,30310500.0,39b29d0b143d0ceeba8191731e6dcdba82e85cea50037bb5667bbd1487ea1dcf,1,4,3,20,5,0.9,False,3746.0,2161.0,38.0,0.8505072076882008,0.8403516890328552,1.0,0.8403516890328552,True,False,2026-07-20T18:07:18+08:00,2026-07-20T21:28:22+08:00,,
2026-07-20T21:38:22+08:00,2026-07-20,DATA_CHANGING,38,38,0,38,3270,1862,89763000,52584000,37179000,79358250.0,49366970.0,29991280.0,458970f99857b0bf952e9f51eb854bb237c438536043ad8f9e162db3c9f03a1b,1,4,3,20,5,0.9,False,3746.0,2161.0,38.0,0.8729311265349706,0.8616381304951412,1.0,0.8616381304951412,True,False,2026-07-20T18:07:18+08:00,2026-07-20T21:38:22+08:00,,
2026-07-20T21:48:21+08:00,2026-07-20,STABLE_WAITING,38,38,0,38,3270,1862,89763000,52584000,37179000,79358250.0,49366970.0,29991280.0,458970f99857b0bf952e9f51eb854bb237c438536043ad8f9e162db3c9f03a1b,2,4,3,20,5,0.9,False,3746.0,2161.0,38.0,0.8729311265349706,0.8616381304951412,1.0,0.8616381304951412,True,False,2026-07-20T18:07:18+08:00,2026-07-20T21:38:22+08:00,,
2026-07-20T21:58:22+08:00,2026-07-20,STABLE_WAITING,38,38,0,38,3270,1862,89763000,52584000,37179000,79358250.0,49366970.0,29991280.0,458970f99857b0bf952e9f51eb854bb237c438536043ad8f9e162db3c9f03a1b,3,4,3,20,5,0.9,False,3746.0,2161.0,38.0,0.8729311265349706,0.8616381304951412,1.0,0.8616381304951412,True,False,2026-07-20T18:07:18+08:00,2026-07-20T21:38:22+08:00,,
2026-07-20T22:08:22+08:00,2026-07-20,DATA_CHANGING,38,38,0,38,3376,1907,95653000,56497000,39156000,83989150.0,51145200.0,32843950.0,569053812fd18b1f97a62accdb696824b443ebdade37131961f192cb336f70ed,1,4,3,20,5,0.9,False,3746.0,2161.0,38.0,0.9012279765082755,0.8824618232299861,1.0,0.8824618232299861,True,False,2026-07-20T18:07:18+08:00,2026-07-20T22:08:22+08:00,,
2026-07-20T22:18:22+08:00,2026-07-20,DATA_CHANGING,38,38,0,38,3514,1984,101268000,60026000,41242000,88477210.0,54192580.0,34284630.0,24db4b6beda667c98594bdccf21100d954c3e36bbc427517c0da859117b89d3e,1,4,3,20,5,0.9,False,3746.0,2161.0,38.0,0.9380672717565403,0.918093475242943,1.0,0.918093475242943,True,False,2026-07-20T18:07:18+08:00,2026-07-20T22:18:22+08:00,,
2026-07-20T22:28:21+08:00,2026-07-20,DATA_CHANGING,38,38,0,38,3635,2052,104554000,61660000,42894000,94103070.0,56011070.0,38092000.0,55386ee3fd9454437869296a6cc65dd3e093a9fe16431bf64e89deb3534cae16,1,4,3,20,5,0.9,False,3746.0,2161.0,38.0,0.9703683929524827,0.949560388708931,1.0,0.949560388708931,True,False,2026-07-20T18:07:18+08:00,2026-07-20T22:28:21+08:00,,
2026-07-20T22:38:21+08:00,2026-07-20,DATA_CHANGING,38,38,0,38,3782,2141,108000000,63946000,44054000,96647910.0,59455790.0,37192120.0,19546c154365f36a97f8ff0df93422fc4917363b7676b8a691872fe1da49f7db,1,4,3,20,5,0.9,False,3746.0,2161.0,38.0,1.0096102509343299,0.99074502545118,1.0,0.99074502545118,True,False,2026-07-20T18:07:18+08:00,2026-07-20T22:38:21+08:00,,
2026-07-20T22:48:22+08:00,2026-07-20,DATA_CHANGING,38,38,0,38,3832,2165,109208000,64693000,44515000,98211110.0,60479290.0,37731820.0,63d4e10b63d57b5bf8fd14ea349fda35ab093ee10e67853601ae93dc8d61065d,1,4,3,20,5,0.9,False,3746.0,2161.0,38.0,1.022957821676455,1.001850994909764,1.0,1.0,True,False,2026-07-20T18:07:18+08:00,2026-07-20T22:48:22+08:00,,
2026-07-20T22:58:21+08:00,2026-07-20,STABLE_WAITING,38,38,0,38,3832,2165,109208000,64693000,44515000,98211110.0,60479290.0,37731820.0,63d4e10b63d57b5bf8fd14ea349fda35ab093ee10e67853601ae93dc8d61065d,2,4,3,20,5,0.9,False,3746.0,2161.0,38.0,1.022957821676455,1.001850994909764,1.0,1.0,True,False,2026-07-20T18:07:18+08:00,2026-07-20T22:48:22+08:00,,
2026-07-20T23:08:21+08:00,2026-07-20,STABLE_WAITING,38,38,0,38,3832,2165,109208000,64693000,44515000,98211110.0,60479290.0,37731820.0,63d4e10b63d57b5bf8fd14ea349fda35ab093ee10e67853601ae93dc8d61065d,3,4,3,20,5,0.9,False,3746.0,2161.0,38.0,1.022957821676455,1.001850994909764,1.0,1.0,True,False,2026-07-20T18:07:18+08:00,2026-07-20T22:48:22+08:00,,
2026-07-20T23:18:22+08:00,2026-07-20,COMPLETE,38,38,0,38,3832,2165,109208000,64693000,44515000,98211110.0,60479290.0,37731820.0,63d4e10b63d57b5bf8fd14ea349fda35ab093ee10e67853601ae93dc8d61065d,4,4,3,20,5,0.9,False,3746.0,2161.0,38.0,1.022957821676455,1.001850994909764,1.0,1.0,True,True,2026-07-20T18:07:18+08:00,2026-07-20T22:48:22+08:00,2026-07-20T23:18:22+08:00,
2026-07-21T17:07:54+08:00,2026-07-21,NO_DATA,38,38,0,0,0,0,0,0,0,0.0,0.0,0.0,,0,4,4,20,5,0.9,False,3789.0,2163.0,38.0,0.0,0.0,0.0,0.0,True,False,,,,
2026-07-21T17:17:53+08:00,2026-07-21,NO_DATA,38,38,0,0,0,0,0,0,0,0.0,0.0,0.0,,0,4,4,20,5,0.9,False,3789.0,2163.0,38.0,0.0,0.0,0.0,0.0,True,False,,,,
2026-07-21T17:27:54+08:00,2026-07-21,NO_DATA,38,38,0,0,0,0,0,0,0,0.0,0.0,0.0,,0,4,4,20,5,0.9,False,3789.0,2163.0,38.0,0.0,0.0,0.0,0.0,True,False,,,,
2026-07-21T17:37:53+08:00,2026-07-21,NO_DATA,38,38,0,0,0,0,0,0,0,0.0,0.0,0.0,,0,4,4,20,5,0.9,False,3789.0,2163.0,38.0,0.0,0.0,0.0,0.0,True,False,,,,
2026-07-21T17:47:54+08:00,2026-07-21,NO_DATA,38,38,0,0,0,0,0,0,0,0.0,0.0,0.0,,0,4,4,20,5,0.9,False,3789.0,2163.0,38.0,0.0,0.0,0.0,0.0,True,False,,,,
2026-07-21T17:57:53+08:00,2026-07-21,DATA_CHANGING,38,38,0,21,55,31,600000,581000,19000,573280.0,694750.0,-121470.0,0fa7632472c698c6e89501310b20d96128868eda5e9d5bee0e6a6fb936a2b668,1,4,4,20,5,0.9,False,3789.0,2163.0,38.0,0.014515703351807865,0.014331946370781322,0.5526315789473685,0.014331946370781322,True,False,2026-07-21T17:57:53+08:00,2026-07-21T17:57:53+08:00,,
2026-07-21T18:07:53+08:00,2026-07-21,DATA_CHANGING,38,38,0,37,667,379,26767000,8693000,18074000,25381020.0,6501810.0,18879210.0,a54ddad1a4e00b1743b4c52214f534920557275c7670d81e14d1aabda328aeac,1,4,4,20,5,0.9,False,3789.0,2163.0,38.0,0.17603589337556083,0.17521960240406842,0.9736842105263158,0.17521960240406842,True,False,2026-07-21T17:57:53+08:00,2026-07-21T18:07:53+08:00,,
2026-07-21T18:17:54+08:00,2026-07-21,DATA_CHANGING,38,38,0,38,982,583,33366000,12823000,20543000,32544240.0,10509990.0,22034250.0,b2c883472d79ccab483faf5656551ecc110526aaeb3008762f82aa5a2e4ddac1,1,4,4,20,5,0.9,False,3789.0,2163.0,38.0,0.25917128529955136,0.26953305594082294,1.0,0.25917128529955136,True,False,2026-07-21T17:57:53+08:00,2026-07-21T18:17:54+08:00,,
2026-07-21T18:27:54+08:00,2026-07-21,DATA_CHANGING,38,38,0,38,1070,622,45435000,15466000,29969000,41539360.0,13222370.0,28316990.0,115985aa73e671ada8b4f5827926a4b0149f09712bc32a0b7d04694e7ab3dd0a,1,4,4,20,5,0.9,False,3789.0,2163.0,38.0,0.2823964106624439,0.2875635691169672,1.0,0.2823964106624439,True,False,2026-07-21T17:57:53+08:00,2026-07-21T18:27:54+08:00,,
2026-07-21T18:37:53+08:00,2026-07-21,DATA_CHANGING,38,38,0,38,1098,646,45582000,15733000,29849000,41722090.0,13416470.0,28305620.0,e0795e9f08dd5b72384124d04f49bba2069072532e5a384789020d2f847b921d,1,4,4,20,5,0.9,False,3789.0,2163.0,38.0,0.28978622327790976,0.29865926953305594,1.0,0.28978622327790976,True,False,2026-07-21T17:57:53+08:00,2026-07-21T18:37:53+08:00,,
2026-07-21T18:47:54+08:00,2026-07-21,DATA_CHANGING,38,38,0,38,1144,678,48182000,16089000,32093000,44342250.0,13781050.0,30561200.0,bbb5da680b65a98991310b1793e98244cb2cef51710fabd62c9dea84923fea97,1,4,4,20,5,0.9,False,3789.0,2163.0,38.0,0.3019266297176036,0.31345353675450766,1.0,0.3019266297176036,True,False,2026-07-21T17:57:53+08:00,2026-07-21T18:47:54+08:00,,
2026-07-21T18:57:53+08:00,2026-07-21,DATA_CHANGING,38,38,0,38,1219,716,49171000,16926000,32245000,44896950.0,14463590.0,30433360.0,3e1a1ffe4fb066b5f186ca2faa1b16dcb55589767d0c843c00b2c0e1ef1ece1a,1,4,4,20,5,0.9,False,3789.0,2163.0,38.0,0.32172077065188703,0.3310217290799815,1.0,0.32172077065188703,True,False,2026-07-21T17:57:53+08:00,2026-07-21T18:57:53+08:00,,
2026-07-21T19:07:53+08:00,2026-07-21,DATA_CHANGING,38,38,0,38,1301,770,50756000,18019000,32737000,46250130.0,15585690.0,30664440.0,f218610b5fba81f77377c369c2cb1bbbe965633227b1e470ac83cae6cfd3324e,1,4,4,20,5,0.9,False,3789.0,2163.0,38.0,0.34336236474003695,0.3559870550161812,1.0,0.34336236474003695,True,False,2026-07-21T17:57:53+08:00,2026-07-21T19:07:53+08:00,,
2026-07-21T19:17:53+08:00,2026-07-21,DATA_CHANGING,38,38,0,38,1371,815,51919000,19622000,32297000,47356050.0,16769130.0,30586920.0,6dba4471c60cb1c0f19dffcf4cfc7854d11c750dbaac4e4464af6048d83feb6f,1,4,4,20,5,0.9,False,3789.0,2163.0,38.0,0.3618368962787015,0.37679149329634765,1.0,0.3618368962787015,True,False,2026-07-21T17:57:53+08:00,2026-07-21T19:17:53+08:00,,
2026-07-21T19:27:54+08:00,2026-07-21,DATA_CHANGING,38,38,0,38,1487,884,54151000,21265000,32886000,49465240.0,18060140.0,31405100.0,77dff42acb4789d82333c5b6e7e53f938bb9ccfb27fab4839ad9c2f7aa43acd3,1,4,4,20,5,0.9,False,3789.0,2163.0,38.0,0.39245183425705993,0.4086916319926029,1.0,0.39245183425705993,True,False,2026-07-21T17:57:53+08:00,2026-07-21T19:27:54+08:00,,
2026-07-21T19:37:54+08:00,2026-07-21,DATA_CHANGING,38,38,0,38,1578,930,55873000,22343000,33530000,50631730.0,19432360.0,31199370.0,3fe8637fed1d28caf473ec8b4e3f20c11696661daee074811910885f86204103,1,4,4,20,5,0.9,False,3789.0,2163.0,38.0,0.4164687252573238,0.42995839112343964,1.0,0.4164687252573238,True,False,2026-07-21T17:57:53+08:00,2026-07-21T19:37:54+08:00,,
2026-07-21T19:47:53+08:00,2026-07-21,DATA_CHANGING,38,38,0,38,1665,982,59004000,24365000,34639000,53037530.0,21561790.0,31475740.0,9246a1ff7fdf98b0e0f761bb0a76a7031447a3c4c22826de05c17cbdfdce027f,1,4,4,20,5,0.9,False,3789.0,2163.0,38.0,0.43942992874109266,0.45399907535829864,1.0,0.43942992874109266,True,False,2026-07-21T17:57:53+08:00,2026-07-21T19:47:53+08:00,,
2026-07-21T19:57:53+08:00,2026-07-21,DATA_CHANGING,38,38,0,38,1898,1077,63119000,26778000,36341000,58775050.0,23835840.0,34939210.0,860352a68d19e4f28b47ab5eae5c5ab0f5f7d61387051ab1dd75727afee71af4,1,4,4,20,5,0.9,False,3789.0,2163.0,38.0,0.5009237265769332,0.49791955617198336,1.0,0.49791955617198336,True,False,2026-07-21T17:57:53+08:00,2026-07-21T19:57:53+08:00,,
2026-07-21T20:07:54+08:00,2026-07-21,DATA_CHANGING,38,38,0,38,1991,1135,63699000,27175000,36524000,59400650.0,24383130.0,35017520.0,adab7c8ca61fbca1cca844e2a918bcaf54de7d28a72a53da22405addafb34344,1,4,4,20,5,0.9,False,3789.0,2163.0,38.0,0.5254684613354447,0.5247341655108645,1.0,0.5247341655108645,True,False,2026-07-21T17:57:53+08:00,2026-07-21T20:07:54+08:00,,
2026-07-21T20:17:53+08:00,2026-07-21,DATA_CHANGING,38,38,0,38,2134,1216,67198000,29919000,37279000,63528330.0,26774850.0,36753480.0,877ec773a3c3c4e0c6aa93f966ecf9586ed9f96128aa1b491fdf5163a2a30d06,1,4,4,20,5,0.9,False,3789.0,2163.0,38.0,0.5632092900501452,0.5621821544151642,1.0,0.5621821544151642,True,False,2026-07-21T17:57:53+08:00,2026-07-21T20:17:53+08:00,,
2026-07-21T20:27:53+08:00,2026-07-21,DATA_CHANGING,38,38,0,38,2250,1290,69769000,31755000,38014000,66259090.0,28678310.0,37580780.0,bd767a121843f38acc9d1607722aa2706f83ee99cfd87a5aa69348ccc063b70b,1,4,4,20,5,0.9,False,3789.0,2163.0,38.0,0.5938242280285035,0.5963938973647711,1.0,0.5938242280285035,True,False,2026-07-21T17:57:53+08:00,2026-07-21T20:27:53+08:00,,
2026-07-21T20:37:54+08:00,2026-07-21,DATA_CHANGING,38,38,0,38,2319,1332,71667000,32577000,39090000,68277390.0,29439720.0,38837670.0,b9d4d5d705cc9392ac1f9b81b1eb8e6e3a1fdf0ffd391b8181d9f5ca8bba0cab,1,4,4,20,5,0.9,False,3789.0,2163.0,38.0,0.6120348376880443,0.6158113730929264,1.0,0.6120348376880443,True,False,2026-07-21T17:57:53+08:00,2026-07-21T20:37:54+08:00,,
2026-07-21T20:47:53+08:00,2026-07-21,DATA_CHANGING,38,38,0,38,2397,1378,73221000,33923000,39298000,70095090.0,30586330.0,39508760.0,135750debf19d187671a0bc1094259772e184409d40f5f89489050eca6bc7648,1,4,4,20,5,0.9,False,3789.0,2163.0,38.0,0.6326207442596992,0.6370781322237633,1.0,0.6326207442596992,True,False,2026-07-21T17:57:53+08:00,2026-07-21T20:47:53+08:00,,
2026-07-21T20:57:53+08:00,2026-07-21,DATA_CHANGING,38,38,0,38,2516,1447,76338000,36730000,39608000,74046560.0,33134940.0,40911620.0,ae531c69e1471b7b2cb4c3db05fb7019bb8c076c8d1b1016db48f08c4a327540,1,4,4,20,5,0.9,False,3789.0,2163.0,38.0,0.6640274478754289,0.6689782709200185,1.0,0.6640274478754289,True,False,2026-07-21T17:57:53+08:00,2026-07-21T20:57:53+08:00,,
2026-07-21T21:08:51+08:00,2026-07-21,DATA_CHANGING,38,38,0,38,2556,1477,76669000,37264000,39405000,74401650.0,33890920.0,40510730.0,71cd7d7112eb385e9ad1c079db9bb334822112805d0c89b5767ea0f24312b623,1,4,4,20,5,0.9,False,3789.0,2163.0,38.0,0.6745843230403801,0.6828478964401294,1.0,0.6745843230403801,True,False,2026-07-21T17:57:53+08:00,2026-07-21T21:08:51+08:00,,
2026-07-21T21:18:52+08:00,2026-07-21,DATA_CHANGING,38,38,0,38,2679,1546,79369000,41517000,37852000,76691020.0,38330040.0,38360980.0,a14191af9e036dd5c6aad14bd8fa5627673b177a2132e37f565fa5c8bbd85402,1,4,4,20,5,0.9,False,3789.0,2163.0,38.0,0.7070467141726049,0.7147480351363846,1.0,0.7070467141726049,True,False,2026-07-21T17:57:53+08:00,2026-07-21T21:18:52+08:00,,
2026-07-21T21:28:51+08:00,2026-07-21,DATA_CHANGING,38,38,0,38,2764,1604,79678000,42773000,36905000,77267690.0,39605430.0,37662260.0,0269582355b85c0441f913677fa3748b52fa881597805188ba1f2ea5439f9e4b,1,4,4,20,5,0.9,False,3789.0,2163.0,38.0,0.7294800738981262,0.7415626444752659,1.0,0.7294800738981262,True,False,2026-07-21T17:57:53+08:00,2026-07-21T21:28:51+08:00,,
2026-07-21T21:38:51+08:00,2026-07-21,DATA_CHANGING,38,38,0,38,2831,1648,86354000,43862000,42492000,78679960.0,40065720.0,38614240.0,b40c23b32e545a0848e0c1b0a05703fd671eb1d43cb346af09ddf3d0c3db20e2,1,4,4,20,5,0.9,False,3789.0,2163.0,38.0,0.7471628397994193,0.7619047619047619,1.0,0.7471628397994193,True,False,2026-07-21T17:57:53+08:00,2026-07-21T21:38:51+08:00,,
2026-07-21T21:48:52+08:00,2026-07-21,DATA_CHANGING,38,38,0,38,2947,1719,89992000,44789000,45203000,81387750.0,41237230.0,40150520.0,3efc18f816c4b16b4e342334c34ecbd9869767198cc068569c4aee04bb2ee73a,1,4,4,20,5,0.9,False,3789.0,2163.0,38.0,0.7777777777777778,0.7947295423023578,1.0,0.7777777777777778,True,False,2026-07-21T17:57:53+08:00,2026-07-21T21:48:52+08:00,,
2026-07-21T21:58:51+08:00,2026-07-21,DATA_CHANGING,38,38,0,38,3051,1787,92008000,45615000,46393000,83008860.0,41970000.0,41038860.0,7bbbd06005cb5952e8ee22f9fc4df81993c1c57419765027f0199b95fbb6f219,1,4,4,20,5,0.9,False,3789.0,2163.0,38.0,0.8052256532066508,0.8261673601479427,1.0,0.8052256532066508,True,False,2026-07-21T17:57:53+08:00,2026-07-21T21:58:51+08:00,,
2026-07-21T22:08:52+08:00,2026-07-21,DATA_CHANGING,38,38,0,38,3223,1877,93535000,49505000,44030000,84857980.0,44343490.0,40514490.0,7bd0fb8b23e342729eb015ea5afa3034cc3d30465a69fc9397c1d8491dd25822,1,4,4,20,5,0.9,False,3789.0,2163.0,38.0,0.8506202164159409,0.8677762367082755,1.0,0.8506202164159409,True,False,2026-07-21T17:57:53+08:00,2026-07-21T22:08:52+08:00,,
2026-07-21T22:18:51+08:00,2026-07-21,DATA_CHANGING,38,38,0,38,3421,1977,96339000,52473000,43866000,87420990.0,48521000.0,38899990.0,f2c5c6eefda6d757dd5f63662984df7066ba193895a3e9c37003226dbed1b1e0,1,4,4,20,5,0.9,False,3789.0,2163.0,38.0,0.9028767484824491,0.9140083217753121,1.0,0.9028767484824491,True,False,2026-07-21T17:57:53+08:00,2026-07-21T22:18:51+08:00,,
2026-07-21T22:28:52+08:00,2026-07-21,STABLE_WAITING,38,38,0,38,3421,1977,96339000,52473000,43866000,87420990.0,48521000.0,38899990.0,f2c5c6eefda6d757dd5f63662984df7066ba193895a3e9c37003226dbed1b1e0,2,4,4,20,5,0.9,False,3789.0,2163.0,38.0,0.9028767484824491,0.9140083217753121,1.0,0.9028767484824491,True,False,2026-07-21T17:57:53+08:00,2026-07-21T22:18:51+08:00,,
2026-07-21T22:38:52+08:00,2026-07-21,STABLE_WAITING,38,38,0,38,3421,1977,96339000,52473000,43866000,87420990.0,48521000.0,38899990.0,f2c5c6eefda6d757dd5f63662984df7066ba193895a3e9c37003226dbed1b1e0,3,4,4,20,5,0.9,False,3789.0,2163.0,38.0,0.9028767484824491,0.9140083217753121,1.0,0.9028767484824491,True,False,2026-07-21T17:57:53+08:00,2026-07-21T22:18:51+08:00,,
2026-07-21T22:48:51+08:00,2026-07-21,COMPLETE,38,38,0,38,3421,1977,96339000,52473000,43866000,87420990.0,48521000.0,38899990.0,f2c5c6eefda6d757dd5f63662984df7066ba193895a3e9c37003226dbed1b1e0,4,4,4,20,5,0.9,False,3789.0,2163.0,38.0,0.9028767484824491,0.9140083217753121,1.0,0.9028767484824491,True,True,2026-07-21T17:57:53+08:00,2026-07-21T22:18:51+08:00,2026-07-21T22:48:51+08:00,
2026-07-22T17:22:02+08:00,2026-07-22,NO_DATA,38,38,0,0,0,0,0,0,0,0.0,0.0,0.0,,0,4,5,20,5,0.9,True,3746.0,2161.0,38.0,0.0,0.0,0.0,0.0,False,False,,,,
2026-07-22T17:32:02+08:00,2026-07-22,NO_DATA,38,38,0,0,0,0,0,0,0,0.0,0.0,0.0,,0,4,5,20,5,0.9,True,3746.0,2161.0,38.0,0.0,0.0,0.0,0.0,False,False,,,,
2026-07-22T17:42:01+08:00,2026-07-22,NO_DATA,38,38,0,0,0,0,0,0,0,0.0,0.0,0.0,,0,4,5,20,5,0.9,True,3746.0,2161.0,38.0,0.0,0.0,0.0,0.0,False,False,,,,
2026-07-22T17:52:01+08:00,2026-07-22,NO_DATA,38,38,0,0,0,0,0,0,0,0.0,0.0,0.0,,0,4,5,20,5,0.9,True,3746.0,2161.0,38.0,0.0,0.0,0.0,0.0,False,False,,,,
2026-07-22T18:02:01+08:00,2026-07-22,COVERAGE_TOO_LOW,38,38,0,35,353,202,7400000,3714000,3686000,8136840.0,3822260.0,4314580.0,1a738e341c921c552b157affdd1865887a4dc1da38b5cf322ae66492c265c876,1,4,5,20,5,0.9,True,3746.0,2161.0,38.0,0.09423384943940202,0.0934752429430819,0.9210526315789473,0.0934752429430819,False,False,2026-07-22T18:02:01+08:00,2026-07-22T18:02:01+08:00,,
2026-07-22T18:12:02+08:00,2026-07-22,COVERAGE_TOO_LOW,38,38,0,37,832,478,11803000,9764000,2039000,13311720.0,10653730.0,2657990.0,615bb6deccbac975e5bc5b86ddcf1d5d834598644e5f56d438c28be0d1ec1c72,1,4,5,20,5,0.9,True,3746.0,2161.0,38.0,0.2221035771489589,0.2211938917167978,0.9736842105263158,0.2211938917167978,False,False,2026-07-22T18:02:01+08:00,2026-07-22T18:12:02+08:00,,
2026-07-22T18:22:02+08:00,2026-07-22,COVERAGE_TOO_LOW,38,38,0,37,1167,700,18014000,16464000,1550000,19619700.0,19500410.0,119290.0,1a89fc2b353490d9714e1301c1bdca9602ec351141ff3803b16cda41841a66ed,1,4,5,20,5,0.9,True,3746.0,2161.0,38.0,0.31153230112119595,0.3239241092086997,0.9736842105263158,0.31153230112119595,False,False,2026-07-22T18:02:01+08:00,2026-07-22T18:22:02+08:00,,
2026-07-22T18:32:02+08:00,2026-07-22,COVERAGE_TOO_LOW,38,38,0,37,1247,755,23539000,18260000,5279000,23653730.0,22038370.0,1615360.0,7cb6b51afa660199c206ae59c795c40f8751bec709e823f84f02311d96ab6153,1,4,5,20,5,0.9,True,3746.0,2161.0,38.0,0.33288841430859584,0.34937528921795463,0.9736842105263158,0.33288841430859584,False,False,2026-07-22T18:02:01+08:00,2026-07-22T18:32:02+08:00,,
2026-07-22T18:42:01+08:00,2026-07-22,COVERAGE_TOO_LOW,38,38,0,37,1290,785,23954000,18950000,5004000,24113770.0,23112800.0,1000970.0,ace44fb9d5b26dabee173023ad747ba5f0daa7ef9ac9f4e0218fc0a9b159c612,1,4,5,20,5,0.9,True,3746.0,2161.0,38.0,0.3443673251468233,0.36325775104118463,0.9736842105263158,0.3443673251468233,False,False,2026-07-22T18:02:01+08:00,2026-07-22T18:42:01+08:00,,
2026-07-22T18:52:01+08:00,2026-07-22,COVERAGE_TOO_LOW,38,38,0,37,1388,831,25633000,19662000,5971000,26162990.0,24064550.0,2098440.0,40ab9c8a7814a511ea974095d6c604bf45476bac2f457a6a4ace054b94084780,1,4,5,20,5,0.9,True,3746.0,2161.0,38.0,0.37052856380138816,0.3845441925034706,0.9736842105263158,0.37052856380138816,False,False,2026-07-22T18:02:01+08:00,2026-07-22T18:52:01+08:00,,
2026-07-22T19:02:01+08:00,2026-07-22,COVERAGE_TOO_LOW,38,38,0,38,1520,921,27895000,21088000,6807000,30030090.0,26115220.0,3914870.0,1dbca043fceac77d26ffa6d8a4e697e2b64fc481efaf040a965bfa40788913e8,1,4,5,20,5,0.9,True,3746.0,2161.0,38.0,0.40576615056059795,0.4261915779731606,1.0,0.40576615056059795,False,False,2026-07-22T18:02:01+08:00,2026-07-22T19:02:01+08:00,,
2026-07-22T19:12:01+08:00,2026-07-22,COVERAGE_TOO_LOW,38,38,0,38,1596,975,29407000,22694000,6713000,32329990.0,27476780.0,4853210.0,fba61db52962192da1c6fba1b57cd1b20448ac1a225da4b296ad35263292113f,1,4,5,20,5,0.9,True,3746.0,2161.0,38.0,0.42605445808862785,0.45118000925497453,1.0,0.42605445808862785,False,False,2026-07-22T18:02:01+08:00,2026-07-22T19:12:01+08:00,,
2026-07-22T19:22:01+08:00,2026-07-22,COVERAGE_TOO_LOW,38,38,0,38,1710,1039,30847000,24244000,6603000,33685210.0,29618370.0,4066840.0,d3f7f73badf73383b95b9f67be6aac079df9400ab3a44d0ff9187cf27c9bced5,1,4,5,20,5,0.9,True,3746.0,2161.0,38.0,0.4564869193806727,0.4807959278111985,1.0,0.4564869193806727,False,False,2026-07-22T18:02:01+08:00,2026-07-22T19:22:01+08:00,,
2026-07-22T19:32:02+08:00,2026-07-22,COVERAGE_TOO_LOW,38,38,0,38,1825,1109,36300000,25882000,10418000,38070180.0,31877580.0,6192600.0,9d1b0996ae6fd1d30cb036550502f6b1b46ef05cd12959f74b2848ab336e870c,1,4,5,20,5,0.9,True,3746.0,2161.0,38.0,0.48718633208756007,0.5131883387320685,1.0,0.48718633208756007,False,False,2026-07-22T18:02:01+08:00,2026-07-22T19:32:02+08:00,,
2026-07-22T19:42:01+08:00,2026-07-22,COVERAGE_TOO_LOW,38,38,0,38,1975,1176,39335000,27257000,12078000,41876750.0,33710110.0,8166640.0,8403ed664dc3d3d27911c76821bd03d9f5a0f6034cb8e62436fb74fde4c59602,1,4,5,20,5,0.9,True,3746.0,2161.0,38.0,0.5272290443139349,0.5441925034706154,1.0,0.5272290443139349,False,False,2026-07-22T18:02:01+08:00,2026-07-22T19:42:01+08:00,,
2026-07-22T19:52:01+08:00,2026-07-22,COVERAGE_TOO_LOW,38,38,0,38,2196,1287,41719000,30203000,11516000,44876610.0,37457050.0,7419560.0,6f2788d50ec8318b7ad2b6d6c573a0958db8859443373359015e234cb2f9f2bd,1,4,5,20,5,0.9,True,3746.0,2161.0,38.0,0.5862253069941271,0.5955576122165664,1.0,0.5862253069941271,False,False,2026-07-22T18:02:01+08:00,2026-07-22T19:52:01+08:00,,
2026-07-22T20:02:01+08:00,2026-07-22,COVERAGE_TOO_LOW,38,38,0,38,2349,1379,44779000,33348000,11431000,49912120.0,42084760.0,7827360.0,17921996c0ef14a1552cf128667517e4ffb913ebd9c5392016cad02125202ce7,1,4,5,20,5,0.9,True,3746.0,2161.0,38.0,0.6270688734650294,0.6381304951411384,1.0,0.6270688734650294,False,False,2026-07-22T18:02:01+08:00,2026-07-22T20:02:01+08:00,,
2026-07-22T20:12:01+08:00,2026-07-22,COVERAGE_TOO_LOW,38,38,0,38,2469,1442,45845000,34439000,11406000,51154370.0,43303180.0,7851190.0,97085e35b5261f6e41eac236849bfc493023a19b027cedd60cdcea0a89fb76dc,1,4,5,20,5,0.9,True,3746.0,2161.0,38.0,0.6591030432461292,0.6672836649699213,1.0,0.6591030432461292,False,False,2026-07-22T18:02:01+08:00,2026-07-22T20:12:01+08:00,,
2026-07-22T20:22:01+08:00,2026-07-22,COVERAGE_TOO_LOW,38,38,0,38,2572,1507,47020000,37178000,9842000,52658770.0,48167590.0,4491180.0,c1e319a2d1b408de88a2698bdc022945b8684269f6c36e36eb9c00d97cb73c3b,1,4,5,20,5,0.9,True,3746.0,2161.0,38.0,0.6865990389749066,0.6973623322535863,1.0,0.6865990389749066,False,False,2026-07-22T18:02:01+08:00,2026-07-22T20:22:01+08:00,,
2026-07-22T20:32:01+08:00,2026-07-22,COVERAGE_TOO_LOW,38,38,0,38,2667,1572,48041000,39014000,9027000,53494050.0,50570250.0,2923800.0,d01fe938dd88bd50f6dc6a6f1ebe5b58f25c2268e98ecb89d832350621936993,1,4,5,20,5,0.9,True,3746.0,2161.0,38.0,0.7119594233849439,0.7274409995372513,1.0,0.7119594233849439,False,False,2026-07-22T18:02:01+08:00,2026-07-22T20:32:01+08:00,,
2026-07-22T20:42:02+08:00,2026-07-22,COVERAGE_TOO_LOW,38,38,0,38,2706,1599,48977000,39304000,9673000,54600710.0,51004480.0,3596230.0,cdc0b7b815d7ed90702d19503ae16cbb49dd29f3edadcd831d3b23adf4fcd707,1,4,5,20,5,0.9,True,3746.0,2161.0,38.0,0.7223705285638014,0.7399352151781583,1.0,0.7223705285638014,False,False,2026-07-22T18:02:01+08:00,2026-07-22T20:42:02+08:00,,
2026-07-22T20:52:01+08:00,2026-07-22,COVERAGE_TOO_LOW,38,38,0,38,2807,1665,49666000,40789000,8877000,55824860.0,53177680.0,2647180.0,a511b47dd2f5c925b4c7046bf682f4d32d880f6ebf5f1f7c721ca7e90fc4d43f,1,4,5,20,5,0.9,True,3746.0,2161.0,38.0,0.7493326214628937,0.7704766311892642,1.0,0.7493326214628937,False,False,2026-07-22T18:02:01+08:00,2026-07-22T20:52:01+08:00,,
2026-07-22T21:02:01+08:00,2026-07-22,COVERAGE_TOO_LOW,38,38,0,38,2922,1730,53668000,42943000,10725000,58606580.0,56485400.0,2121180.0,d3321442bde7a8a005c2f8de5213de371593b500d1328852ecab8c9619b186dd,1,4,5,20,5,0.9,True,3746.0,2161.0,38.0,0.7800320341697811,0.8005552984729292,1.0,0.7800320341697811,False,False,2026-07-22T18:02:01+08:00,2026-07-22T21:02:01+08:00,,
2026-07-22T21:12:02+08:00,2026-07-22,COVERAGE_TOO_LOW,38,38,0,38,2991,1781,54527000,43319000,11208000,60212620.0,58088790.0,2123830.0,e842465ef8ed614d198246dc24dadfc2325881d1fc98cce74b7df21cfe6824ba,1,4,5,20,5,0.9,True,3746.0,2161.0,38.0,0.7984516817939135,0.8241554835724202,1.0,0.7984516817939135,False,False,2026-07-22T18:02:01+08:00,2026-07-22T21:12:02+08:00,,
2026-07-22T21:23:04+08:00,2026-07-22,COVERAGE_TOO_LOW,38,38,0,38,3130,1864,57211000,45246000,11965000,63386560.0,61039180.0,2347380.0,12cf7584334e08c535ef76044fee309346faccfc6a009a3b5f1d64d6a39f2728,1,4,5,20,5,0.9,True,3746.0,2161.0,38.0,0.8355579284570208,0.8625636279500232,1.0,0.8355579284570208,False,False,2026-07-22T18:02:01+08:00,2026-07-22T21:23:04+08:00,,
2026-07-22T21:33:04+08:00,2026-07-22,COVERAGE_TOO_LOW,38,38,0,38,3236,1938,58656000,45794000,12862000,64874340.0,61999270.0,2875070.0,ded9270cd046f1336d436dd30c7298c56fc08a9c7c22cc7b574c0e916bd5edab,1,4,5,20,5,0.9,True,3746.0,2161.0,38.0,0.8638547784303257,0.8968070337806571,1.0,0.8638547784303257,False,False,2026-07-22T18:02:01+08:00,2026-07-22T21:33:04+08:00,,
2026-07-22T21:43:03+08:00,2026-07-22,COVERAGE_TOO_LOW,38,38,0,38,3348,1995,59447000,46534000,12913000,65999020.0,63081640.0,2917380.0,07e6809b1e59b536d5e3d8475bae6432a3a4bb7dd4c279fb7808e9514427675b,1,4,5,20,5,0.9,True,3746.0,2161.0,38.0,0.8937533368926855,0.923183711244794,1.0,0.8937533368926855,False,False,2026-07-22T18:02:01+08:00,2026-07-22T21:43:03+08:00,,
2026-07-22T21:53:03+08:00,2026-07-22,DATA_CHANGING,38,38,0,38,3572,2123,62358000,48242000,14116000,68772640.0,64975680.0,3796960.0,7aa0363fafab5858e8f5f2bc832f6676aeb89ac0f4a45f34b857045dc6cf7e24,1,4,5,20,5,0.9,True,3746.0,2161.0,38.0,0.9535504538174052,0.982415548357242,1.0,0.9535504538174052,True,False,2026-07-22T18:02:01+08:00,2026-07-22T21:53:03+08:00,,
2026-07-22T22:03:03+08:00,2026-07-22,DATA_CHANGING,38,38,0,38,3597,2135,62530000,48376000,14154000,68880090.0,65220420.0,3659670.0,2fe4f6ecca8365676ec4bea3237bb818daeeacf5dfcc89dc716d270c1ca84025,1,4,5,20,5,0.9,True,3746.0,2161.0,38.0,0.9602242391884677,0.987968533086534,1.0,0.9602242391884677,True,False,2026-07-22T18:02:01+08:00,2026-07-22T22:03:03+08:00,,
2026-07-22T22:13:04+08:00,2026-07-22,STABLE_WAITING,38,38,0,38,3597,2135,62530000,48376000,14154000,68880090.0,65220420.0,3659670.0,2fe4f6ecca8365676ec4bea3237bb818daeeacf5dfcc89dc716d270c1ca84025,2,4,5,20,5,0.9,True,3746.0,2161.0,38.0,0.9602242391884677,0.987968533086534,1.0,0.9602242391884677,True,False,2026-07-22T18:02:01+08:00,2026-07-22T22:03:03+08:00,,
2026-07-22T22:23:03+08:00,2026-07-22,STABLE_WAITING,38,38,0,38,3597,2135,62530000,48376000,14154000,68880090.0,65220420.0,3659670.0,2fe4f6ecca8365676ec4bea3237bb818daeeacf5dfcc89dc716d270c1ca84025,3,4,5,20,5,0.9,True,3746.0,2161.0,38.0,0.9602242391884677,0.987968533086534,1.0,0.9602242391884677,True,False,2026-07-22T18:02:01+08:00,2026-07-22T22:03:03+08:00,,
2026-07-22T22:33:03+08:00,2026-07-22,COMPLETE,38,38,0,38,3597,2135,62530000,48376000,14154000,68880090.0,65220420.0,3659670.0,2fe4f6ecca8365676ec4bea3237bb818daeeacf5dfcc89dc716d270c1ca84025,4,4,5,20,5,0.9,True,3746.0,2161.0,38.0,0.9602242391884677,0.987968533086534,1.0,0.9602242391884677,True,True,2026-07-22T18:02:01+08:00,2026-07-22T22:03:03+08:00,2026-07-22T22:33:03+08:00,
2026-07-23T18:48:18+08:00,2026-07-23,COVERAGE_TOO_LOW,38,38,0,37,1192,674,23984000,13191000,10793000,28389620.0,17056140.0,11333480.0,b87aa811fea24d76cc34ed9227e5cde034f1c9d1b359887d680ae9eb9a2f61fb,1,4,6,20,5,0.9,True,3671.5,2148.0,38.0,0.32466294430069453,0.313780260707635,0.9736842105263158,0.313780260707635,False,False,2026-07-23T18:48:18+08:00,2026-07-23T18:48:18+08:00,,
2026-07-23T18:58:19+08:00,2026-07-23,COVERAGE_TOO_LOW,38,38,0,37,1317,741,25620000,14386000,11234000,30554440.0,18264020.0,12290420.0,fac908decd56cc3bd9bc90237dd839c864c589254fd44a528ddaa45aaaaf14e1,1,4,6,20,5,0.9,True,3671.5,2148.0,38.0,0.35870897453356937,0.34497206703910616,0.9736842105263158,0.34497206703910616,False,False,2026-07-23T18:48:18+08:00,2026-07-23T18:58:19+08:00,,
2026-07-23T19:08:19+08:00,2026-07-23,COVERAGE_TOO_LOW,38,38,0,38,1373,780,27035000,17382000,9653000,32763690.0,20620990.0,12142700.0,fcf2ca60718ca6d4f38fea1ded910643527928d591f9ca718f7b22cbf348c4de,1,4,6,20,5,0.9,True,3671.5,2148.0,38.0,0.3739615960778973,0.36312849162011174,1.0,0.36312849162011174,False,False,2026-07-23T18:48:18+08:00,2026-07-23T19:08:19+08:00,,
2026-07-23T19:18:18+08:00,2026-07-23,COVERAGE_TOO_LOW,38,38,0,38,1487,849,28357000,18533000,9824000,34149670.0,21705670.0,12444000.0,951740e1f991dde59ee42b9bac4557a5fdc9420682bdb000985b7d153b33db84,1,4,6,20,5,0.9,True,3671.5,2148.0,38.0,0.4050115756502792,0.3952513966480447,1.0,0.3952513966480447,False,False,2026-07-23T18:48:18+08:00,2026-07-23T19:18:18+08:00,,
2026-07-23T19:28:18+08:00,2026-07-23,COVERAGE_TOO_LOW,38,38,0,38,1612,911,30487000,20587000,9900000,36303820.0,24539030.0,11764790.0,ab868ec7f5471dfa646a97012d7bda6b83b09dcd2667b87e88abb731caf21233,1,4,6,20,5,0.9,True,3671.5,2148.0,38.0,0.439057605883154,0.4241154562383613,1.0,0.4241154562383613,False,False,2026-07-23T18:48:18+08:00,2026-07-23T19:28:18+08:00,,
2026-07-23T19:38:18+08:00,2026-07-23,COVERAGE_TOO_LOW,38,38,0,38,1769,985,31640000,24571000,7069000,37768180.0,28137210.0,9630970.0,1a7cb74c50d3caab3929fdc6dbdd992a4904438f91cd78b3a41e100d12d8bd3a,1,4,6,20,5,0.9,True,3671.5,2148.0,38.0,0.48181941985564486,0.4585661080074488,1.0,0.4585661080074488,False,False,2026-07-23T18:48:18+08:00,2026-07-23T19:38:18+08:00,,
2026-07-23T19:48:19+08:00,2026-07-23,COVERAGE_TOO_LOW,38,38,0,38,1915,1065,32917000,25210000,7707000,40098530.0,29375650.0,10722880.0,f18389c3a342ccb4b9b61f11315c5d7152fc2679dfc5e3716023660ce6f75430,1,4,6,20,5,0.9,True,3671.5,2148.0,38.0,0.5215851831676427,0.4958100558659218,1.0,0.4958100558659218,False,False,2026-07-23T18:48:18+08:00,2026-07-23T19:48:19+08:00,,
2026-07-23T19:58:19+08:00,2026-07-23,COVERAGE_TOO_LOW,38,38,0,38,2037,1143,35547000,26734000,8813000,42214770.0,30353530.0,11861240.0,49d5cbb5a20fcc6dd75c9b929e03f0de6a8f071c773ad083b568b1b466dccbbf,1,4,6,20,5,0.9,True,3671.5,2148.0,38.0,0.5548141086749285,0.5321229050279329,1.0,0.5321229050279329,False,False,2026-07-23T18:48:18+08:00,2026-07-23T19:58:19+08:00,,
2026-07-23T20:08:19+08:00,2026-07-23,COVERAGE_TOO_LOW,38,38,0,38,2088,1177,36306000,27121000,9185000,43359780.0,30865970.0,12493810.0,57c9e3b8e4ff9127b370f0e163a6ffd5e0869d3e3f66395ebe6946b949a7b711,1,4,6,20,5,0.9,True,3671.5,2148.0,38.0,0.5687048890099414,0.547951582867784,1.0,0.547951582867784,False,False,2026-07-23T18:48:18+08:00,2026-07-23T20:08:19+08:00,,
2026-07-23T20:18:19+08:00,2026-07-23,COVERAGE_TOO_LOW,38,38,0,38,2218,1249,38509000,28036000,10473000,46123180.0,32404850.0,13718330.0,9d3768c6304193335e71c335af06c325a955cf5ffb37d7c801503b6232a54feb,1,4,6,20,5,0.9,True,3671.5,2148.0,38.0,0.6041127604521312,0.5814711359404097,1.0,0.5814711359404097,False,False,2026-07-23T18:48:18+08:00,2026-07-23T20:18:19+08:00,,
2026-07-23T20:28:18+08:00,2026-07-23,COVERAGE_TOO_LOW,38,38,0,38,2281,1289,40286000,30261000,10025000,47127150.0,34035780.0,13091370.0,b64c55c4aa6396ce8f0cdcef7d0d2124bd9d4a95400785a6a6502061677aa648,1,4,6,20,5,0.9,True,3671.5,2148.0,38.0,0.6212719596895002,0.6000931098696461,1.0,0.6000931098696461,False,False,2026-07-23T18:48:18+08:00,2026-07-23T20:28:18+08:00,,
2026-07-23T20:38:19+08:00,2026-07-23,COVERAGE_TOO_LOW,38,38,0,38,2369,1344,42375000,31600000,10775000,48811110.0,35838910.0,12972200.0,87a4c2e85b5bb485bcef5051de14c5ff766ff2ea5eab50b40edc24ee9caa7217,1,4,6,20,5,0.9,True,3671.5,2148.0,38.0,0.6452403649734441,0.6256983240223464,1.0,0.6256983240223464,False,False,2026-07-23T18:48:18+08:00,2026-07-23T20:38:19+08:00,,
2026-07-23T20:48:19+08:00,2026-07-23,COVERAGE_TOO_LOW,38,38,0,38,2489,1408,45049000,32656000,12393000,51874860.0,38282400.0,13592460.0,4e807a91aba2223cafba89360e410f0434e2b4516535e4c14fbae59d983944a3,1,4,6,20,5,0.9,True,3671.5,2148.0,38.0,0.6779245539970039,0.6554934823091247,1.0,0.6554934823091247,False,False,2026-07-23T18:48:18+08:00,2026-07-23T20:48:19+08:00,,
2026-07-23T20:58:19+08:00,2026-07-23,COVERAGE_TOO_LOW,38,38,0,38,2638,1487,48553000,33429000,15124000,55933390.0,40010600.0,15922790.0,929b7bdb83127d711615bcb4bd6a4041a88a11ee0e6a39135c3c9e45b8aa172c,1,4,6,20,5,0.9,True,3671.5,2148.0,38.0,0.7185074220345907,0.6922718808193669,1.0,0.6922718808193669,False,False,2026-07-23T18:48:18+08:00,2026-07-23T20:58:19+08:00,,
2026-07-23T21:08:19+08:00,2026-07-23,COVERAGE_TOO_LOW,38,38,0,38,2685,1524,49070000,33523000,15547000,56748720.0,40347900.0,16400820.0,69243269b7041051191f85a8a9258c00adba026b733afa40816da078b678ec36,1,4,6,20,5,0.9,True,3671.5,2148.0,38.0,0.7313087294021517,0.7094972067039106,1.0,0.7094972067039106,False,False,2026-07-23T18:48:18+08:00,2026-07-23T21:08:19+08:00,,
2026-07-23T21:18:19+08:00,2026-07-23,COVERAGE_TOO_LOW,38,38,0,38,2811,1596,49613000,34653000,14960000,57580950.0,41954290.0,15626660.0,f31e5f35c5d2ec855f18fb4d9eeac1e34174867f247befe83725518c6fa00047,1,4,6,20,5,0.9,True,3671.5,2148.0,38.0,0.7656271278768896,0.7430167597765364,1.0,0.7430167597765364,False,False,2026-07-23T18:48:18+08:00,2026-07-23T21:18:19+08:00,,
2026-07-23T21:28:18+08:00,2026-07-23,COVERAGE_TOO_LOW,38,38,0,38,3030,1712,56019000,36743000,19276000,63957170.0,43883460.0,20073710.0,bc8d5211a76ee400cc52d6109727a3eec4cda65f7a6d70f678c92c4c0a22e3a9,1,4,6,20,5,0.9,True,3671.5,2148.0,38.0,0.8252757728448863,0.7970204841713222,1.0,0.7970204841713222,False,False,2026-07-23T18:48:18+08:00,2026-07-23T21:28:18+08:00,,
2026-07-23T21:38:19+08:00,2026-07-23,COVERAGE_TOO_LOW,38,38,0,38,3107,1752,56910000,37252000,19658000,64646370.0,44707040.0,19939330.0,8d43c48622651b86269b3cf6ad8643d9a4a4729452eead6ba71c601a46ba4813,1,4,6,20,5,0.9,True,3671.5,2148.0,38.0,0.8462481274683372,0.8156424581005587,1.0,0.8156424581005587,False,False,2026-07-23T18:48:18+08:00,2026-07-23T21:38:19+08:00,,
2026-07-23T21:48:18+08:00,2026-07-23,COVERAGE_TOO_LOW,38,38,0,38,3107,1752,56910000,37252000,19658000,64646370.0,44707040.0,19939330.0,8d43c48622651b86269b3cf6ad8643d9a4a4729452eead6ba71c601a46ba4813,2,4,6,20,5,0.9,True,3671.5,2148.0,38.0,0.8462481274683372,0.8156424581005587,1.0,0.8156424581005587,False,False,2026-07-23T18:48:18+08:00,2026-07-23T21:38:19+08:00,,
2026-07-23T21:58:19+08:00,2026-07-23,COVERAGE_TOO_LOW,38,38,0,38,3107,1752,56910000,37252000,19658000,64646370.0,44707040.0,19939330.0,8d43c48622651b86269b3cf6ad8643d9a4a4729452eead6ba71c601a46ba4813,3,4,6,20,5,0.9,True,3671.5,2148.0,38.0,0.8462481274683372,0.8156424581005587,1.0,0.8156424581005587,False,False,2026-07-23T18:48:18+08:00,2026-07-23T21:38:19+08:00,,
2026-07-23T22:08:18+08:00,2026-07-23,COVERAGE_TOO_LOW,38,38,0,38,3107,1752,56910000,37252000,19658000,64646370.0,44707040.0,19939330.0,8d43c48622651b86269b3cf6ad8643d9a4a4729452eead6ba71c601a46ba4813,4,4,6,20,5,0.9,True,3671.5,2148.0,38.0,0.8462481274683372,0.8156424581005587,1.0,0.8156424581005587,False,False,2026-07-23T18:48:18+08:00,2026-07-23T21:38:19+08:00,,
2026-07-23T22:18:18+08:00,2026-07-23,COVERAGE_TOO_LOW,38,38,0,38,3107,1752,56910000,37252000,19658000,64646370.0,44707040.0,19939330.0,8d43c48622651b86269b3cf6ad8643d9a4a4729452eead6ba71c601a46ba4813,5,4,6,20,5,0.9,True,3671.5,2148.0,38.0,0.8462481274683372,0.8156424581005587,1.0,0.8156424581005587,False,False,2026-07-23T18:48:18+08:00,2026-07-23T21:38:19+08:00,,
2026-07-23T22:28:18+08:00,2026-07-23,COVERAGE_TOO_LOW,38,38,0,38,3107,1752,56910000,37252000,19658000,64646370.0,44707040.0,19939330.0,8d43c48622651b86269b3cf6ad8643d9a4a4729452eead6ba71c601a46ba4813,6,4,6,20,5,0.9,True,3671.5,2148.0,38.0,0.8462481274683372,0.8156424581005587,1.0,0.8156424581005587,False,False,2026-07-23T18:48:18+08:00,2026-07-23T21:38:19+08:00,,
2026-07-23T22:38:18+08:00,2026-07-23,COVERAGE_TOO_LOW,38,38,0,38,3107,1752,56910000,37252000,19658000,64646370.0,44707040.0,19939330.0,8d43c48622651b86269b3cf6ad8643d9a4a4729452eead6ba71c601a46ba4813,7,4,6,20,5,0.9,True,3671.5,2148.0,38.0,0.8462481274683372,0.8156424581005587,1.0,0.8156424581005587,False,False,2026-07-23T18:48:18+08:00,2026-07-23T21:38:19+08:00,,
2026-07-23T22:49:13+08:00,2026-07-23,COVERAGE_TOO_LOW,38,38,0,38,3107,1752,56910000,37252000,19658000,64646370.0,44707040.0,19939330.0,8d43c48622651b86269b3cf6ad8643d9a4a4729452eead6ba71c601a46ba4813,8,4,6,20,5,0.9,True,3671.5,2148.0,38.0,0.8462481274683372,0.8156424581005587,1.0,0.8156424581005587,False,False,2026-07-23T18:48:18+08:00,2026-07-23T21:38:19+08:00,,
2026-07-23T22:59:13+08:00,2026-07-23,COVERAGE_TOO_LOW,38,38,0,38,3107,1752,56910000,37252000,19658000,64646370.0,44707040.0,19939330.0,8d43c48622651b86269b3cf6ad8643d9a4a4729452eead6ba71c601a46ba4813,9,4,6,20,5,0.9,True,3671.5,2148.0,38.0,0.8462481274683372,0.8156424581005587,1.0,0.8156424581005587,False,False,2026-07-23T18:48:18+08:00,2026-07-23T21:38:19+08:00,,
2026-07-23T23:09:14+08:00,2026-07-23,COVERAGE_TOO_LOW,38,38,0,38,3107,1752,56910000,37252000,19658000,64646370.0,44707040.0,19939330.0,8d43c48622651b86269b3cf6ad8643d9a4a4729452eead6ba71c601a46ba4813,10,4,6,20,5,0.9,True,3671.5,2148.0,38.0,0.8462481274683372,0.8156424581005587,1.0,0.8156424581005587,False,False,2026-07-23T18:48:18+08:00,2026-07-23T21:38:19+08:00,,
2026-07-23T23:19:13+08:00,2026-07-23,COVERAGE_TOO_LOW,38,38,0,38,3107,1752,56910000,37252000,19658000,64646370.0,44707040.0,19939330.0,8d43c48622651b86269b3cf6ad8643d9a4a4729452eead6ba71c601a46ba4813,11,4,6,20,5,0.9,True,3671.5,2148.0,38.0,0.8462481274683372,0.8156424581005587,1.0,0.8156424581005587,False,False,2026-07-23T18:48:18+08:00,2026-07-23T21:38:19+08:00,,
2026-07-23T23:29:14+08:00,2026-07-23,COVERAGE_TOO_LOW,38,38,0,38,3107,1752,56910000,37252000,19658000,64646370.0,44707040.0,19939330.0,8d43c48622651b86269b3cf6ad8643d9a4a4729452eead6ba71c601a46ba4813,12,4,6,20,5,0.9,True,3671.5,2148.0,38.0,0.8462481274683372,0.8156424581005587,1.0,0.8156424581005587,False,False,2026-07-23T18:48:18+08:00,2026-07-23T21:38:19+08:00,,
2026-07-23T23:39:13+08:00,2026-07-23,COVERAGE_TOO_LOW,38,38,0,38,3107,1752,56910000,37252000,19658000,64646370.0,44707040.0,19939330.0,8d43c48622651b86269b3cf6ad8643d9a4a4729452eead6ba71c601a46ba4813,13,4,6,20,5,0.9,True,3671.5,2148.0,38.0,0.8462481274683372,0.8156424581005587,1.0,0.8156424581005587,False,False,2026-07-23T18:48:18+08:00,2026-07-23T21:38:19+08:00,,
2026-07-23T23:49:13+08:00,2026-07-23,COVERAGE_TOO_LOW,38,38,0,38,3107,1752,56910000,37252000,19658000,64646370.0,44707040.0,19939330.0,8d43c48622651b86269b3cf6ad8643d9a4a4729452eead6ba71c601a46ba4813,14,4,6,20,5,0.9,True,3671.5,2148.0,38.0,0.8462481274683372,0.8156424581005587,1.0,0.8156424581005587,False,False,2026-07-23T18:48:18+08:00,2026-07-23T21:38:19+08:00,,
2026-07-23T23:59:14+08:00,2026-07-23,COVERAGE_TOO_LOW,38,38,0,38,3147,1774,60727000,37519000,23208000,68157490.0,44886710.0,23270780.0,cf21afd0033020f0aae053e49134b60a025eb018105b2d0aa3cb02162b80fdbb,1,4,6,20,5,0.9,True,3671.5,2148.0,38.0,0.8571428571428571,0.8258845437616388,1.0,0.8258845437616388,False,False,2026-07-23T18:48:18+08:00,2026-07-23T23:59:14+08:00,,
2026-07-24T00:09:14+08:00,2026-07-23,COVERAGE_TOO_LOW,38,38,0,38,3194,1801,70566000,37970000,32596000,75342980.0,45226260.0,30116720.0,82a9a9265849eaae88f356632ab7e0753a784503aab4fcd996e78f8416c37281,1,4,6,20,5,0.9,True,3671.5,2148.0,38.0,0.8699441645104181,0.8384543761638734,1.0,0.8384543761638734,False,False,2026-07-23T18:48:18+08:00,2026-07-24T00:09:14+08:00,,
2026-07-24T00:19:13+08:00,2026-07-23,COVERAGE_TOO_LOW,38,38,0,38,3325,1881,72465000,38947000,33518000,77738880.0,46434230.0,31304650.0,30c2c091a698543a51fee5d3953b9879b9af2b454b691a478bc8020d73ec445c,1,4,6,20,5,0.9,True,3671.5,2148.0,38.0,0.9056244041944709,0.8756983240223464,1.0,0.8756983240223464,False,False,2026-07-23T18:48:18+08:00,2026-07-24T00:19:13+08:00,,
2026-07-24T00:29:14+08:00,2026-07-23,DATA_CHANGING,38,38,0,38,3470,1955,74682000,41502000,33180000,81184790.0,48928940.0,32255850.0,81cbe14354ca54edc7d57daf768a42eccd4b50c9beb5a6ddb8f2bd5a41629a95,1,4,6,20,5,0.9,True,3671.5,2148.0,38.0,0.9451177992646057,0.910148975791434,1.0,0.910148975791434,True,False,2026-07-23T18:48:18+08:00,2026-07-24T00:29:14+08:00,,
2026-07-24T00:39:13+08:00,2026-07-23,DATA_CHANGING,38,38,0,38,3534,2001,75824000,43151000,32673000,81996040.0,50853460.0,31142580.0,a0bda34eb919204526b0604bf13ae2fbc33ff75304365ce26c7d0f7e0405e9cf,1,4,6,20,5,0.9,True,3671.5,2148.0,38.0,0.9625493667438376,0.9315642458100558,1.0,0.9315642458100558,True,False,2026-07-23T18:48:18+08:00,2026-07-24T00:39:13+08:00,,
2026-07-24T00:49:13+08:00,2026-07-23,DATA_CHANGING,38,38,0,38,3638,2067,76994000,43667000,33327000,83078030.0,51363050.0,31714980.0,c7062e842749706f3cd766b836ffe89acc5ce793e6fb2cda22c211865dbe6f8a,1,4,6,20,5,0.9,True,3671.5,2148.0,38.0,0.9908756638975895,0.9622905027932961,1.0,0.9622905027932961,True,False,2026-07-23T18:48:18+08:00,2026-07-24T00:49:13+08:00,,
2026-07-24T00:59:13+08:00,2026-07-23,DATA_CHANGING,38,38,0,38,3694,2100,77868000,44666000,33202000,83773040.0,52834880.0,30938160.0,0e3faf753ed16ec373c606121c6f09ea4bca846e5e7a77aa1af62d3b2d9de36d,1,4,6,20,5,0.9,True,3671.5,2148.0,38.0,1.0061282854419176,0.9776536312849162,1.0,0.9776536312849162,True,False,2026-07-23T18:48:18+08:00,2026-07-24T00:59:13+08:00,,
2026-07-24T01:09:13+08:00,2026-07-23,DATA_CHANGING,38,38,0,38,3809,2161,80452000,45717000,34735000,86501410.0,54029360.0,32472050.0,dff64683d31b8721a77d2f8525248ea360ecd7ba5ff0804dac1313127e273a2c,1,4,6,20,5,0.9,True,3671.5,2148.0,38.0,1.0374506332561624,1.0060521415270018,1.0,1.0,True,False,2026-07-23T18:48:18+08:00,2026-07-24T01:09:13+08:00,,
2026-07-24T01:19:13+08:00,2026-07-23,DATA_CHANGING,38,38,0,38,3860,2184,80973000,46384000,34589000,87226170.0,58662640.0,28563530.0,4ec16b46b876cd0fbe7763beba1eb413c612bfa62d15ac5a2b468627a1d24e2d,1,4,6,20,5,0.9,True,3671.5,2148.0,38.0,1.0513414135911752,1.0167597765363128,1.0,1.0,True,False,2026-07-23T18:48:18+08:00,2026-07-24T01:19:13+08:00,,
2026-07-24T01:29:13+08:00,2026-07-23,STABLE_WAITING,38,38,0,38,3860,2184,80973000,46384000,34589000,87226170.0,58662640.0,28563530.0,4ec16b46b876cd0fbe7763beba1eb413c612bfa62d15ac5a2b468627a1d24e2d,2,4,6,20,5,0.9,True,3671.5,2148.0,38.0,1.0513414135911752,1.0167597765363128,1.0,1.0,True,False,2026-07-23T18:48:18+08:00,2026-07-24T01:19:13+08:00,,
2026-07-24T01:39:13+08:00,2026-07-23,STABLE_WAITING,38,38,0,38,3860,2184,80973000,46384000,34589000,87226170.0,58662640.0,28563530.0,4ec16b46b876cd0fbe7763beba1eb413c612bfa62d15ac5a2b468627a1d24e2d,3,4,6,20,5,0.9,True,3671.5,2148.0,38.0,1.0513414135911752,1.0167597765363128,1.0,1.0,True,False,2026-07-23T18:48:18+08:00,2026-07-24T01:19:13+08:00,,
2026-07-24T01:49:13+08:00,2026-07-23,COMPLETE,38,38,0,38,3860,2184,80973000,46384000,34589000,87226170.0,58662640.0,28563530.0,4ec16b46b876cd0fbe7763beba1eb413c612bfa62d15ac5a2b468627a1d24e2d,4,4,6,20,5,0.9,True,3671.5,2148.0,38.0,1.0513414135911752,1.0167597765363128,1.0,1.0,True,True,2026-07-23T18:48:18+08:00,2026-07-24T01:19:13+08:00,2026-07-24T01:49:13+08:00,
2026-07-24T18:32:54+08:00,2026-07-24,COVERAGE_TOO_LOW,38,38,0,37,1059,607,27950000,10680000,17270000,26836700.0,11974920.0,14861780.0,cc0438f53392c6b990e401f1e471d8696d680eb8f175651cb966973bd7b4489b,1,4,7,20,5,0.9,True,3746.0,2161.0,38.0,0.2827015483182061,0.2808884775566867,0.9736842105263158,0.2808884775566867,False,False,2026-07-24T18:32:54+08:00,2026-07-24T18:32:54+08:00,,
2026-07-24T18:42:53+08:00,2026-07-24,COVERAGE_TOO_LOW,38,38,0,37,1106,636,28801000,11032000,17769000,27750210.0,12334310.0,15415900.0,197bda32f5d8b1fd0c62db6e318f761a5f4ce6436c6512a6af34dc82669fd30a,1,4,7,20,5,0.9,True,3746.0,2161.0,38.0,0.2952482648158035,0.2943081906524757,0.9736842105263158,0.2943081906524757,False,False,2026-07-24T18:32:54+08:00,2026-07-24T18:42:53+08:00,,
2026-07-24T18:52:53+08:00,2026-07-24,COVERAGE_TOO_LOW,38,38,0,37,1203,692,30178000,12241000,17937000,31357910.0,13495940.0,17861970.0,ff0150076f3004a5a9bd19de9774cd08964911f38a84654566e8be71f75cea04,1,4,7,20,5,0.9,True,3746.0,2161.0,38.0,0.3211425520555259,0.32022211938917167,0.9736842105263158,0.32022211938917167,False,False,2026-07-24T18:32:54+08:00,2026-07-24T18:52:53+08:00,,
2026-07-24T19:02:53+08:00,2026-07-24,COVERAGE_TOO_LOW,38,38,0,37,1330,767,31681000,13542000,18139000,33209440.0,15074690.0,18134750.0,552a9be3ba10f03746c332c1ad43deaf6a5225424cb75023bf8643791fbd515a,1,4,7,20,5,0.9,True,3746.0,2161.0,38.0,0.35504538174052325,0.35492827394724663,0.9736842105263158,0.35492827394724663,False,False,2026-07-24T18:32:54+08:00,2026-07-24T19:02:53+08:00,,
2026-07-24T19:12:54+08:00,2026-07-24,COVERAGE_TOO_LOW,38,38,0,37,1392,802,35533000,14262000,21271000,35687730.0,15626540.0,20061190.0,aa3721840b965a4b5ed7a3284740ec866300a33fb64269de5eacf00e804dc11b,1,4,7,20,5,0.9,True,3746.0,2161.0,38.0,0.37159636946075814,0.3711244794076816,0.9736842105263158,0.3711244794076816,False,False,2026-07-24T18:32:54+08:00,2026-07-24T19:12:54+08:00,,
2026-07-24T19:22:53+08:00,2026-07-24,COVERAGE_TOO_LOW,38,38,0,38,1531,884,37414000,16086000,21328000,38560780.0,17511260.0,21049520.0,30b95955882cab8e2cdd4d962ce2dd8f1054e676b5654367bc6f114d71a3844a,1,4,7,20,5,0.9,True,3746.0,2161.0,38.0,0.40870261612386544,0.4090698750578436,1.0,0.40870261612386544,False,False,2026-07-24T18:32:54+08:00,2026-07-24T19:22:53+08:00,,
2026-07-24T19:32:53+08:00,2026-07-24,COVERAGE_TOO_LOW,38,38,0,38,1663,951,40671000,18606000,22065000,41269230.0,20482980.0,20786250.0,c63e35d8c32af71cfc76d89d2de1953fb0aea9028ad6a6bce1a6d62298eaaab1,1,4,7,20,5,0.9,True,3746.0,2161.0,38.0,0.4439402028830753,0.44007403979639054,1.0,0.44007403979639054,False,False,2026-07-24T18:32:54+08:00,2026-07-24T19:32:53+08:00,,
2026-07-24T19:42:54+08:00,2026-07-24,COVERAGE_TOO_LOW,38,38,0,38,1787,1024,41711000,21686000,20025000,42469470.0,24028730.0,18440740.0,4e8331d91ad8d19a86468a7a628400caf9c3a07e3946dc0b3afa86e747a102e3,1,4,7,20,5,0.9,True,3746.0,2161.0,38.0,0.4770421783235451,0.47385469689958354,1.0,0.47385469689958354,False,False,2026-07-24T18:32:54+08:00,2026-07-24T19:42:54+08:00,,
2026-07-24T19:52:54+08:00,2026-07-24,COVERAGE_TOO_LOW,38,38,0,38,1953,1109,44116000,23851000,20265000,45927900.0,27905980.0,18021920.0,9949ba85237ed17b7f2b77c12bfd721d11ad543133e49104bc9c3f3d6db5ab1f,1,4,7,20,5,0.9,True,3746.0,2161.0,38.0,0.5213561131873999,0.5131883387320685,1.0,0.5131883387320685,False,False,2026-07-24T18:32:54+08:00,2026-07-24T19:52:54+08:00,,
2026-07-24T20:02:54+08:00,2026-07-24,COVERAGE_TOO_LOW,38,38,0,38,2077,1175,45320000,26077000,19243000,47085760.0,31000880.0,16084880.0,307d86df4d7495e01cc5854fd97fff1cb533c5ef179af72ec0ab1150740949a0,1,4,7,20,5,0.9,True,3746.0,2161.0,38.0,0.5544580886278697,0.5437297547431744,1.0,0.5437297547431744,False,False,2026-07-24T18:32:54+08:00,2026-07-24T20:02:54+08:00,,
2026-07-24T20:12:53+08:00,2026-07-24,COVERAGE_TOO_LOW,38,38,0,38,2208,1251,46677000,26823000,19854000,48899770.0,32083170.0,16816600.0,6a09074f7c0342077a882ace13d684044ff050871aecd4637eed6b01f3e8be1a,1,4,7,20,5,0.9,True,3746.0,2161.0,38.0,0.589428723972237,0.5788986580286904,1.0,0.5788986580286904,False,False,2026-07-24T18:32:54+08:00,2026-07-24T20:12:53+08:00,,
